date;parc;usage;revenu
01/01/2022;6637936;15272729,9;619037,4289
02/01/2022;6618074;10408295,16;443105,7514
03/01/2022;6584383;11229130,58;520244,0255
04/01/2022;6601321;10951782,5;485757,9554
05/01/2022;6585386;11665418,91;536006,0784
06/01/2022;6587778;11629304,57;539280,5598
07/01/2022;6585107;11685661,86;529017,6892
08/01/2022;6590615;11976965,81;526609,5167
09/01/2022;6566458;10419802,92;455532,8051
10/01/2022;6579821;12082248,75;556129,5971
11/01/2022;6604324;12437974,92;537107,4059
12/01/2022;6629062;11956402,55;512551,4064
13/01/2022;6627180;11468653,83;496149,1745
14/01/2022;6647892;11844933,9;512929,676
15/01/2022;6653513;11484281,74;492176,3127
16/01/2022;6644806;10431310,67;434078,1761
17/01/2022;6643611;11282551,16;491887,3142
18/01/2022;6643611;11532266,69;500389,2422
19/01/2022;6659232;11460860,35;506720,324
20/01/2022;6689043;12109706,39;508673,9623
21/01/2022;6682198;11714330,32;500221,0775
22/01/2022;6669606;11483412,2;510328,9162
23/01/2022;6645685;10594740,27;433630,8043
24/01/2022;6590414;11613659,72;520642,3799
25/01/2022;6592715;11568897,04;501096,7539
26/01/2022;6592445;11313855,68;501732,2691
27/01/2022;6563799;11623586;508952,8799
28/01/2022;6623586;11867144,47;520455,0005
29/01/2022;6598471;11902084,51;524963,7132
30/01/2022;6563623;10797647,98;450349,7594
31/01/2022;6529671;11601727,78;525868,0358
01/02/2022;6528334;11786817,51;534690,6255
02/02/2022;6527180;11922771,54;529032,4206
03/02/2022;6517255;11684020,32;522837,3892
04/02/2022;6514728;11924900,55;533496,4971
05/02/2022;6496982;12200417,19;547897,3975
06/02/2022;6470529;10849190,56;457359,6663
07/02/2022;6458855;12098749,5;561758,1725
08/02/2022;6467844;12271489,01;546749,0382
09/02/2022;6463752;12373459,26;543355,0162
10/02/2022;6445175;12122637,09;536702,9657
11/02/2022;6420979;11988595,74;537299,1029
12/02/2022;6417997;12205725,43;541118,2294
13/02/2022;6391361;10582552,82;439764,233
14/02/2022;6379207;11957443,7;569497,7083
15/02/2022;6374299;12015273,25;527943,2201
16/02/2022;6363810;11654195,39;524006,699
17/02/2022;6347630;11703908,15;525051,2348
18/02/2022;6339723;11890112,35;493920,4211
19/02/2022;6316600;11756014,86;500473,2824
20/02/2022;6305952;10737222,2;424580,6612
21/02/2022;6312988;11702611,46;518839,4309
22/02/2022;6322375;12215175,45;500400,6005
23/02/2022;6327612;11865496;504230,6745
24/02/2022;6341713;11833224,2;500954,6525
25/02/2022;6351132;12180773,38;539481,0613
26/02/2022;6357704;12278195,33;536769,4529
27/02/2022;6360686;11351475,78;457628,2903
28/02/2022;6379173;12539275,82;568475,3696
01/03/2022;6326992;11441756,42;520669,0652
02/03/2022;6387066;11694925,71;557400,8098
03/03/2022;6401463;12117100,66;562108,4975
04/03/2022;6413191;11908553,92;550580,0765
05/03/2022;6428444;12134373,74;617132,6951
06/03/2022;6431010;11115018,16;490790,4902
07/03/2022;6441182;12469661,6;594819,0343
08/03/2022;6459192;12222003,25;575242,3784
09/03/2022;6469581;12099478,57;551733,9005
10/03/2022;6469581;11230378,96;521161,4461
11/03/2022;6479255;12034567,31;522058,8583
12/03/2022;6480195;11102359,95;501489,9936
13/03/2022;6487755;10468852,26;470241,0157
14/03/2022;6498030;12047610,4;545127,8549
15/03/2022;6516881;12027144,29;548814,3922
16/03/2022;6554026;12066950,7;545260,0358
17/03/2022;6599935;11341989,85;511692,2054
18/03/2022;6636329;11788695,68;533605,6882
19/03/2022;6641478;11671628,26;528823,0539
20/03/2022;6663748;11181656,8;463281,6476
21/03/2022;6684833;12221537,96;544583,7588
22/03/2022;6734981;12124573,77;505648,4377
23/03/2022;6764220;12216860,49;541458,0034
24/03/2022;6790487;11979745,72;522918,4632
25/03/2022;6819366;11685669,8;506654,0083
26/03/2022;6840779;12358726,13;536956,4245
27/03/2022;6780674;11069669,28;467237,8523
28/03/2022;6825081;11888899,76;545044,9858
29/03/2022;6767410;11747323,49;522408,5598
30/03/2022;6698479;12209567,57;508845,8961
31/03/2022;6641962;12656273,31;553213,2833
01/04/2022;6728629;12698604,19;568544,9377
02/04/2022;6762451;13067832,74;559170,848
03/04/2022;6781620;11693803,21;490956,8529
04/04/2022;6788450;12549068,19;588216,8681
05/04/2022;6819603;12555124,13;561379,0176
06/04/2022;6838120;12933768,1;570458,5946
07/04/2022;6859442;12774540,42;557814,5804
08/04/2022;6887417;13093809,68;596420,2745
09/04/2022;6919508;13161236,99;573784,3044
10/04/2022;6932220;12139505,03;504710,6289
11/04/2022;6941747;12825123,4;610193,1103
12/04/2022;6980108;12976524,32;556027,3745
13/04/2022;7008923;12904996,09;568381,0123
14/04/2022;7008923;12757707,63;565761,2691
15/04/2022;7048179;12216619,57;535566,3721
16/04/2022;7061612;12691322,16;570608,7
17/04/2022;7052729;11571285,41;485138,9824
18/04/2022;7072615;12656381,62;583811,6142
19/04/2022;7087223;12520749,33;544213,5255
20/04/2022;7097590;12051595,54;523568,4049
21/04/2022;7110621;12489292,31;545633,2152
22/04/2022;7117706;12645823,64;542665,5304
23/04/2022;7121500;11984761,02;535705,7745
24/04/2022;7113860;11497199,37;489023,928
25/04/2022;7110526;12509774,82;585295,8985
26/04/2022;7158451;12334268,18;545412,3279
27/04/2022;7126271;12370382,95;562500,4216
28/04/2022;7206871;12458198,23;560186,1598
29/04/2022;7220714;12220576,07;560993,5559
30/04/2022;7232069;12737689,88;593103,3475
01/05/2022;7226395;11534242,39;491289,9941
02/05/2022;7238608;12857581,43;607654,2186
03/05/2022;7248488;12952126,13;587534,976
04/05/2022;7255082;13020694,14;580048,3029
05/05/2022;7266487;13177411,14;602895,4294
06/05/2022;7275768;13157349,94;599275,6868
07/05/2022;7287874;12767845,06;576041,7539
08/05/2022;7290766;11759229,92;509870,0103
09/05/2022;7426158;12980293,74;618688,6583
10/05/2022;7426093;12961556,3;585357,2799
11/05/2022;7448342;12944318,45;583931,0466
12/05/2022;7455889;12957588,49;582322,0755
13/05/2022;7470864;12996753,03;583603,8211
14/05/2022;7479696;12959254,78;594701,1289
15/05/2022;7469675;11961204,53;514389,198
16/05/2022;7470381;12996530,75;609890,524
17/05/2022;7475478;12888334,2;570958,6784
18/05/2022;7489972;12953653,1;583482,574
19/05/2022;7496897;13048987,62;584362,1358
20/05/2022;7592848;13097035,63;587512,173
21/05/2022;7592848;13185660,44;596241,5843
22/05/2022;7517511;11899734,71;513135,7755
23/05/2022;7526898;12790780,18;594519,0672
24/05/2022;7537424;12640838,46;574258,702
25/05/2022;7546751;12713723,13;572606,5559
26/05/2022;7552664;12652176,09;576328,8828
27/05/2022;7480272;12816740,69;581616,6172
28/05/2022;7539272;12701314,19;576906,0603
29/05/2022;7529087;11528544,04;515417,0598
30/05/2022;7524646;12984440,13;604153,4343
31/05/2022;7538381;12764586,33;591113,3265
01/06/2022;7538980;12833688,11;597257,7044
02/06/2022;7539441;10771433,43;598647,3922
03/06/2022;7548333;10968799,69;606575,3544
04/06/2022;7552603;10967319,17;608744,498
05/06/2022;7543843;9906067,518;537285,7627
06/06/2022;7546277;11260566,33;635836,6083
07/06/2022;7550463;11050798,99;613652,4108
08/06/2022;7575745;11011523,31;602480,199
09/06/2022;7592440;10926654,05;603488,9235
10/06/2022;7612664;11147640,16;611631,8583
11/06/2022;7617461;10968553,73;601005,9569
12/06/2022;7607356;10004240,47;531720,648
13/06/2022;7605678;11312368,27;630050,2221
14/06/2022;7606325;11192880,7;609830,7147
15/06/2022;7612625;11069412,28;604487,1255
16/06/2022;7615824;11122070,8;595325,1422
17/06/2022;7615442;11026826,64;595952,0412
18/06/2022;7609896;10986500,24;587212,8206
19/06/2022;7673787;10059385,4;518892,8221
20/06/2022;7686587;10135814,43;612145,1593
21/06/2022;7703928;10931667,74;592223,9902
22/06/2022;7719443;10947649,31;585899,1657
23/06/2022;7725341;10957879,88;587318,9167
24/06/2022;7741333;11182606,66;603440,2221
25/06/2022;7754977;11106097,77;601539,9176
26/06/2022;7760315;9986383,282;522321,9525
27/06/2022;7767367;10330157,47;576719,9485
28/06/2022;7784504;10634614,07;576197,2113
29/06/2022;7802165;11445855,95;616895,7672
30/06/2022;7811034;11127016,54;588615,0118
01/07/2022;7816792;11429886,15;622784,6931
02/07/2022;7819099;11466746,13;617165,5858
03/07/2022;7813858;10425396,04;541005,2588
04/07/2022;7810231;11716529,23;646917,6426
05/07/2022;7829240;11735786,42;627606,8083
06/07/2022;7836586;11714553,79;624002,1549
07/07/2022;7853979;11854702,49;623154,4275
08/07/2022;7847668;11712158,33;623215,7451
09/07/2022;7851874;11715660,65;628619,7578
10/07/2022;7836059;10619407,46;543849,6971
11/07/2022;7845134;12181286,36;657788,5456
12/07/2022;7872737;11906944,7;628891,4059
13/07/2022;7887000;11925796,72;626802,4186
14/07/2022;7903418;11737655,63;620496,9544
15/07/2022;7921679;12021765,96;628594,7265
16/07/2022;7936005;11792547,37;631620,8534
17/07/2022;7943999;10996221,34;564182,5029
18/07/2022;7964893;11909636,59;642734,5358
19/07/2022;8004583;11837556,51;623937,9975
20/07/2022;8012823;11694536,22;613762,0328
21/07/2022;8032633;11387896,09;596094,6784
22/07/2022;8038138;11521264,64;606785,8299
23/07/2022;8049192;11251739,76;594669,9083
24/07/2022;8044077;10399243,31;529968,8618
25/07/2022;8050086;11676682,58;622515,4804
26/07/2022;8063580;11479311,54;601457,0961
27/07/2022;8076052;11804417,42;612822,4275
28/07/2022;8088711;11708393,38;611266,6123
29/07/2022;8100401;11795996,78;620130,3951
30/07/2022;8094193;11851574,07;626650,7436
31/07/2022;8082508;10651178,7;544583,849
01/08/2022;8084591;11530239,79;621420,0696
02/08/2022;8085920;12075904,6;637397,3525
03/08/2022;8103571;12252262,15;636700,3338
04/08/2022;8115783;12107821,34;631772,7995
05/08/2022;8123217;12271866,13;634039,6088
06/08/2022;8113152;12381990,33;642873,7059
07/08/2022;8107111;11205115,94;559236,6167
08/08/2022;8107074;12585755,53;658156,5657
09/08/2022;8124902;12428212,71;641659,8765
10/08/2022;8123442;12289553,18;635695,8882
11/08/2022;8118320;12075625,02;625043,9412
12/08/2022;8113637;12038306,58;618060,7093
13/08/2022;8112155;11495170,39;616677,2828
14/08/2022;8078657;10873614;542547,1554
15/08/2022;8073096;12203542,68;644516,7191
16/08/2022;8075173;12113398,91;624585,3053
17/08/2022;8071892;11585176,16;608967,518
18/08/2022;8052146;11632827,03;628212,7403
19/08/2022;8040167;12010359,59;632610,7913
20/08/2022;8020770;12108875,52;629095,3194
21/08/2022;7996899;10833446,97;537277,0908
22/08/2022;7996063;11715712,88;626195,4379
23/08/2022;7973608;11796920,47;620711,0558
24/08/2022;7982943;11663623,47;604729,1917
25/08/2022;7988055;12024562,58;622962,4553
26/08/2022;7978307;12005150,94;618659,3573
27/08/2022;7972520;11855689,92;616736,0311
28/08/2022;7999417;10639068,09;532266,7515
29/08/2022;7991813;11481620,89;632862,3903
30/08/2022;7996164;11896138,46;622742,0442
31/08/2022;8010296;11903153,04;620777,2733
01/09/2022;8001725;11896179,19;627011,5529
02/09/2022;7991896;11879278,67;637780,6757
03/09/2022;7982979;11529675,86;624208,3117
04/09/2022;7969018;10602637,89;565965,2364
05/09/2022;7966236;12486380,44;660430,3388
06/09/2022;7976484;12109223,78;624915,1316
07/09/2022;7977889;11965651,75;631467,5995
08/09/2022;7978267;12134071,08;623083,4548
09/09/2022;7968390;11998184,51;609247,831
10/09/2022;7961810;11422570,62;599076,0838
11/09/2022;7944295;10101896,74;508392,791
12/09/2022;7947039;11263842,69;596387,3814
13/09/2022;7964796;11318298,68;604927,2686
14/09/2022;7962230;11092838,29;583996,83
15/09/2022;7964817;11396630,34;593041,9681
16/09/2022;7974150;11273973,05;590282,1048
17/09/2022;7980560;11443328,65;599660,0833
18/09/2022;7978694;10014819,49;501287,9552
19/09/2022;7979574;11498617,22;608536,2376
20/09/2022;7995609;11354839,49;584182,0433
21/09/2022;8002623;11141770,43;559379,781
22/09/2022;8004182;11004481,95;575881,334
23/09/2022;8007471;11277017,32;580201,2223
24/09/2022;7994857;11287856,24;579193,1102
25/09/2022;7980159;10184943,83;506943,5476
26/09/2022;7982984;9604039,265;586277,7322
27/09/2022;7993018;11429001,25;571351,987
28/09/2022;7997078;11188961,17;569899,9913
29/09/2022;7997873;11146434,4;575391,7721
30/09/2022;7993121;10436312,28;578192,2875
01/10/2022;7981856;11317468,55;592255,9947
02/10/2022;7966997;10295868,99;524304,1168
03/10/2022;7967469;11376825,04;625024,5837
04/10/2022;7972256;11426291,69;599968,1582
05/10/2022;7982449;11205276,56;584965,138
06/10/2022;7984413;11159723,38;585460,8981
07/10/2022;7986125;11363828,46;600060,2774
08/10/2022;7975811;11045872,24;567753,3827
09/10/2022;7969316;9281666,886;517667,1288
10/10/2022;7969719;9592901,88;614126,9087
11/10/2022;7982967;9300779,607;588192,0154
12/10/2022;7991572;8999254,553;563479,8428
13/10/2022;7996987;9125791,069;580098,9889
14/10/2022;8003708;10580431,13;579100,5716
15/10/2022;7992170;10915031,15;582096,2942
16/10/2022;7977560;9763050,028;495759,3481
17/10/2022;7968064;10946127,59;593226,8832
18/10/2022;7967299;10580305,54;545955,5933
19/10/2022;7973637;10843210,26;569456,3563
20/10/2022;7974982;10369103,46;548717,7207
21/10/2022;7974405;10798108,48;570830,0486
22/10/2022;7975602;10466484,11;560136,0188
23/10/2022;7981252;9773033,54;499179,7168
24/10/2022;7963434;10058963,11;533723,3764
25/10/2022;7971203;10675403,34;573857,3764
26/10/2022;7967269;10401212,27;539987,1308
27/10/2022;7975887;10790545,65;567503,0413
28/10/2022;7972510;10512856,32;545704,0389
29/10/2022;7966964;10667980,89;562444,7524
30/10/2022;7942513;9223329,301;465479,1623
31/10/2022;7939434;10529810,88;587930,1745
01/11/2022;7939834;10360574,96;551899,4678
02/11/2022;7928674;10567758,38;581000,8611
03/11/2022;7921275;10912261,67;579493,7736
04/11/2022;7918259;10818638,18;577573,3447
05/11/2022;7915711;10755203,59;569288,4659
06/11/2022;7895845;9748960,301;504371,2495
07/11/2022;7897955;10776971,74;589763,6625
08/11/2022;7911043;10679352,77;567641,4913
09/11/2022;7910190;10461080,07;549397,3452
10/11/2022;7918916;9965601,021;523733,6745
11/11/2022;7920557;10555118,56;564346,5933
12/11/2022;7924902;10656911,09;567222,1351
13/11/2022;7908346;9614233,698;487166,7447
14/11/2022;7913664;10611235,21;574621,8534
15/11/2022;7928950;10116755,93;508152,2337
16/11/2022;7936105;10408311,5;559371,9976
17/11/2022;7942538;10289065,16;531645,0514
18/11/2022;7937549;10419827,44;553280,8774
19/11/2022;7946687;10890569,73;568387,2014
20/11/2022;7934861;9398346,064;464194,4356
21/11/2022;7926957;10502330,94;558149,9284
22/11/2022;7932877;9948047,109;525309,0764
23/11/2022;7935184;10253001,12;536258,6543
24/11/2022;7944042;10248793,12;531399,7317
25/11/2022;7951120;10258437,19;532769,4101
26/11/2022;7951320;9989541,197;514007,2034
27/11/2022;7940709;9022446,046;465427,0111
28/11/2022;7937377;9922669,39;541615,0736
29/11/2022;7954193;9707182,249;517131,3793
30/11/2022;7990996;10282732,84;540995,9885
01/12/2022;7997269;10216337,57;559671,2981
02/12/2022;8019741;10455273,71;559854,7519
03/12/2022;8004937;10276042,57;557196,7183
04/12/2022;7979262;9223158,591;486798,5163
05/12/2022;7963485;10355643,12;582289,826
06/12/2022;7982395;10470574,38;560865,3505
07/12/2022;7976721;10510903,16;552724,1827
08/12/2022;7970940;10493883,78;552822,0529
09/12/2022;7963754;10176910,27;543577,349
10/12/2022;7967231;10370646,9;555753,7793
11/12/2022;7948687;8849926,639;451456,7491
12/12/2022;7948085;10125265,68;568068,8514
13/12/2022;7952944;9652131,953;517775,4202
14/12/2022;7969290;10284700,67;539336,949
15/12/2022;7986114;10587873,63;560241,75
16/12/2022;8000278;10508103,04;542687,0822
17/12/2022;7994930;10533402,05;558867,4183
18/12/2022;7972137;9194600,226;467052,5535
19/12/2022;7958170;10303545,85;566798,4577
20/12/2022;7977075;10715890,18;575571,45
21/12/2022;7986414;10628610,41;563166,5293
22/12/2022;7997634;10568178,18;578318,1519
23/12/2022;8009869;11260356,78;614517,7486
24/12/2022;8015890;11501946,1;618071,4058
25/12/2022;8016993;10568005,16;548369,4625
26/12/2022;8029157;10817482,86;590163,537
27/12/2022;8038505;10853928,93;591800,275
28/12/2022;8049396;11142782,4;586871,9731
29/12/2022;8050834;11149205,68;604621,6601
30/12/2022;8054652;11422114,03;628716,137
31/12/2022;8028088;13285697,31;752547,9702
01/01/2023;8037872;11807808,32;588734,6798
02/01/2023;8020378;10220338,54;565548,5962
03/01/2023;8032589;10202309,66;551058,9221
04/01/2023;8026653;10047518,75;531094,9712
05/01/2023;8019207;10106723,18;547094,7909
06/01/2023;8005972;10213850,51;552469,5096
07/01/2023;7993119;10080027,65;527213,2933
08/01/2023;7968422;9136563,671;471526,3291
09/01/2023;7959792;10254666,55;544189,4662
10/01/2023;7973400;10202965,38;541483,2938
11/01/2023;7964363;9941007,455;531707,7357
12/01/2023;7953475;9747682,052;524429,8876
13/01/2023;7948349;10157495,34;527970,7776
14/01/2023;7921941;10189602,04;526984,5243
15/01/2023;7887108;8974932,435;445408,6634
16/01/2023;7847394;8301260,853;457907,5373
17/01/2023;7870727;9734219,792;493611,9467
18/01/2023;7882920;10008019,27;514291,559
19/01/2023;7896176;9765654,345;489686,3057
20/01/2023;7893414;9972654,15;508567,4943
21/01/2023;7884403;9822058,067;502054,8486
22/01/2023;7861420;8705553,745;431406,3331
23/01/2023;7849363;9931444,013;520508,4562
24/01/2023;7850321;9584551,421;485080,8076
25/01/2023;7851343;10055931,63;523540,6876
26/01/2023;7829125;9889545,364;504446,7757
27/01/2023;7820427;9947190,736;495228,01
28/01/2023;7841918;10537973,73;524429,2333
29/01/2023;7827627;9581035,624;458623,1966
30/01/2023;7813649;10367216,22;522375,8829
31/01/2023;7794647;10230205,33;509161,5414
01/02/2023;7666482;10211734,11;508704,0206
02/02/2023;7686060;10112438,29;509078,6335
03/02/2023;7780784;10529396,71;521108,7844
04/02/2023;7793760;10490229,17;516502,0789
05/02/2023;7782857;9354265,201;457257,9762
06/02/2023;7780381;10471021,49;529635,1023
07/02/2023;7808215;10673058,05;537658,2798
08/02/2023;7815100;10300763,93;521845,2674
09/02/2023;7815871;10459922,17;538878,6931
10/02/2023;7814848;10554758,54;530490,7532
11/02/2023;7825903;9277526,218;520513,1711
12/02/2023;7810729;7856036,56;451104,3667
13/02/2023;7730825;9184099,43;558293,5248
14/02/2023;7767896;8735674,762;522179,4596
15/02/2023;7787148;8943601,556;504884,7706
16/02/2023;7779524;9466749,244;509799,9202
17/02/2023;7764870;8894187,358;511829,2555
18/02/2023;7749019;8853864,712;506816,0216
19/02/2023;7732431;7757444,368;432265,38
20/02/2023;7777313;9595512,882;532187,65
21/02/2023;7796156;9161250,11;496157,1917
22/02/2023;7809440;8819046,776;456387,9385
23/02/2023;7794360;9535700,219;502776,3867
24/02/2023;7786167;9350381,069;510643,578
25/02/2023;7792439;9422547,34;514730,2326
26/02/2023;7739128;8047827,017;422011,1401
27/02/2023;7770471;8632174,501;543649,606
28/02/2023;7793971;8705774,933;526987,9514
01/03/2023;7698539;8965856,855;594812,132
02/03/2023;7782494;8708819,769;538939,3213
03/03/2023;7796365;9052323,99;548154,3724
04/03/2023;7801512;8955615,46;547342,6151
05/03/2023;7795408;8108956,689;480953,2884
06/03/2023;7763048;8394540,124;532300,6356
07/03/2023;7769798;8992411,44;582751,7818
08/03/2023;7768123;9102361,735;547283,584
09/03/2023;7756903;8876055,776;534033,2156
10/03/2023;7751183;8622018,942;527219,8533
11/03/2023;7773030;9245920,137;506283,0956
12/03/2023;7782004;8439976,119;486574,7622
13/03/2023;7787611;8986157,554;526253,408
14/03/2023;7782864;8491187,954;521885,3716
15/03/2023;7763270;8090557,329;514546,8289
16/03/2023;7756867;8144044,311;508507,3058
17/03/2023;7734649;7974939,348;490119,5307
18/03/2023;7706413;8272924,481;532074,0764
19/03/2023;7677094;7185233,069;456687,7258
20/03/2023;7669443;8378935,407;536189,4556
21/03/2023;7694667;8313679,025;508617,3564
22/03/2023;7694396;8487146,35;506072,1236
23/03/2023;7693130;8486899,867;492746,7516
24/03/2023;7671487;8250442,716;491998,2849
25/03/2023;7670213;8531454,593;516604,9453
26/03/2023;7664510;7331966,106;412799,7271
27/03/2023;7673080;8599641,377;528109,2782
28/03/2023;7681469;8373918,864;501003,2818
29/03/2023;7679325;8528953,804;508196,1751
30/03/2023;7664334;8005780,486;477350,8378
31/03/2023;7647219;8305604,755;513783,856
01/04/2023;7653148;8678861,105;523325,043
02/04/2023;7649568;7894211,077;450218,8136
03/04/2023;7606181;8782724,046;526802,1817
04/04/2023;7622321;8635918,141;502548,3957
05/04/2023;7685024;9014646,517;528297,426
06/04/2023;7688946;8648868,966;496460,6932
07/04/2023;7692959;8827073,483;519932,9553
08/04/2023;7698354;8760744,591;500919,2379
09/04/2023;7700853;8107564,421;439140,9996
10/04/2023;7676454;9048799,886;524796,2889
11/04/2023;7676454;8503557,865;498399,4664
12/04/2023;7676454;8180936,454;484765,4009
13/04/2023;7549525;8405973,947;500669,0868
14/04/2023;7541357;8496414,961;500244,3136
15/04/2023;7529573;8524008,482;507564,663
16/04/2023;7505684;7667786,668;423873,4225
17/04/2023;7500864;8252280,432;505147,2153
18/04/2023;7537622;7859355,494;458651,2987
19/04/2023;7544074;8301481,46;490210,6532
20/04/2023;7560549;8444137,764;477461,2247
21/04/2023;7567154;8689524,425;496974,5374
22/04/2023;7560429;8374900,861;473744,794
23/04/2023;7549472;7208382,266;403316,5403
24/04/2023;7547159;8470626,904;497268,7072
25/04/2023;7551289;8209069,782;481918,3149
26/04/2023;7534196;8202844,922;470694,1787
27/04/2023;7528156;8171567,586;469380,4889
28/04/2023;7529507;8381823,579;475936,5864
29/04/2023;7537264;8524925,078;491090,1017
30/04/2023;7540122;8051404,932;410921,1349
01/05/2023;7539958;9061962,779;455900,1166
02/05/2023;7534101;9203785,41;476734,4843
03/05/2023;7530000;9426868,98;468679,4979
04/05/2023;7531264;9499765,424;475087,5753
05/05/2023;7532386;10039206,95;492880,9877
06/05/2023;7533685;10318881,04;502140,7847
07/05/2023;7528167;8330265,461;442298,52
08/05/2023;7526103;10264890,04;514703,5753
09/05/2023;7534306;9976113,203;489358,3523
10/05/2023;7527393;10237490,55;493890,7315
11/05/2023;7536346;9986616,585;489125,9055
12/05/2023;7541914;10158233,54;485342,3311
13/05/2023;7570589;10192957,98;491321,054
14/05/2023;7570686;9164553,728;420060,7833
15/05/2023;7585296;10188005,52;509586,0345
16/05/2023;7609071;10306579,6;498706,7111
17/05/2023;7613023;9945254,965;459226,3455
18/05/2023;7615270;9560263,245;444350,1966
19/05/2023;7618202;9127717,587;439675,1349
20/05/2023;7624387;9846024,883;477115,5
21/05/2023;7606563;8986963,084;408201,7716
22/05/2023;7604179;9923880,153;481544,7898
23/05/2023;7612810;9975372,912;469878,3272
24/05/2023;7619617;9907712,251;468922,4783
25/05/2023;7618855;9849644,197;474632,7153
26/05/2023;7621197;9901047,773;477531,1251
27/05/2023;7622646;9910523,761;482686,8098
28/05/2023;7612791;9025267,753;411304,9323
29/05/2023;7613278;10087447,24;502691,3638
30/05/2023;7612124;9953646,409;484960,5583
31/05/2023;7608699;10015226,88;488794,9366
01/06/2023;7603852;9659229,505;492131,2009
02/06/2023;7548818;9820246,415;496790,4153
03/06/2023;7539451;9858717,772;496803,3987
04/06/2023;7575527;8980547,776;424976,1906
05/06/2023;7608729;10050353,27;511661,7149
06/06/2023;7558092;9969399,304;493266,9587
07/06/2023;7528077;9750424,434;490549,4277
08/06/2023;7505271;10025380,82;498121,097
09/06/2023;7479110;10016834,23;490041,1549
10/06/2023;7462875;10137768,07;502030,306
11/06/2023;7440767;9311752,944;434188,7333
12/06/2023;7425776;10345028,43;519425,1033
13/06/2023;7394700;10189382,6;499844,8617
14/06/2023;7379584;10160996,56;493736,1725
15/06/2023;7381912;10213652,25;490653,8713
16/06/2023;7359178;10167629,69;491652,9613
17/06/2023;7352028;10255269,3;494318,5054
18/06/2023;7347095;9166803,364;415541,5134
19/06/2023;7341346;10285722,58;513612,1688
20/06/2023;7346117;10407634,6;493038,0579
21/06/2023;7351060;10332000,65;487706,6446
22/06/2023;7354158;10379902,69;492796,3092
23/06/2023;7348031;10425849,47;497509,9088
24/06/2023;7342532;10416958,44;498636,9213
25/06/2023;7328107;10027510,4;447914,8092
26/06/2023;7329255;10806394,44;514352,3321
27/06/2023;7348655;10466069,57;499033,9983
28/06/2023;7359093;10746627,84;490777,6912
29/06/2023;7358799;10809624,48;497820,4344
30/06/2023;7360593;10650560,56;474522,4368
01/07/2023;7369209;10966407,59;505710,408
02/07/2023;7217509;9850839,621;424085,824
03/07/2023;7222438;11024936,95;513932,526
04/07/2023;7061307;11037269,8;501462,7576
05/07/2023;7347041;10859333,5;500342,9268
06/07/2023;7320298;11017573,89;509225,6644
07/07/2023;7344682;11082249,6;499667,4308
08/07/2023;7369188;11134334,28;501475,63
09/07/2023;7381897;10282359,89;436476,2896
10/07/2023;7390677;11282076,46;522694,5244
11/07/2023;7408494;11135945,25;500780,7408
12/07/2023;7423974;11146596,28;497610,4604
13/07/2023;7453398;11064222,36;494586,1348
14/07/2023;7466499;11065836,35;496788,1224
15/07/2023;7466094;11249659,55;503900,962
16/07/2023;7471560;10337853,84;433945,8196
17/07/2023;7486262;10763336,43;441567,4173
18/07/2023;7486793;10322071,3;450584,6604
19/07/2023;7467189;10544850,53;483989,8915
20/07/2023;7437356;10454602,76;478796,8242
21/07/2023;7434105;10700071,67;476892,7973
22/07/2023;7421029;10650095,74;480362,3258
23/07/2023;7408228;9890673,474;420591,7038
24/07/2023;7432757;10876575,73;488878,5369
25/07/2023;7456402;10837904,15;478326,7642
26/07/2023;7460558;10728603,86;474776,8746
27/07/2023;7465987;10846902,64;477408,4654
28/07/2023;7464474;10833281,65;479909,0231
29/07/2023;7382956;10665177,01;485365,6988
30/07/2023;7395844;9996567,098;421892,6838
31/07/2023;7390743;10975322,91;510075,4396
01/08/2023;7380059;10592194,97;468018,7531
02/08/2023;7370201;10721518,52;485846,2488
03/08/2023;7351579;10690131,12;483899,7377
04/08/2023;7339335;10762695,56;520425,3096
05/08/2023;7331202;10715981,61;512115,9996
06/08/2023;7317217;9863901,238;437498,3358
07/08/2023;7304811;10879519,86;527802,575
08/08/2023;7280122;10680196,89;511917,9212
09/08/2023;7263818;10917626,34;507913,6115
10/08/2023;7244834;11174247,97;512456,3873
11/08/2023;7224879;11181743,05;513107,1988
12/08/2023;7203355;11003752,86;504986,8692
13/08/2023;7170883;10159083,48;441473,1723
14/08/2023;7165221;11180867,09;527548,11
15/08/2023;6859707;11265609,22;504924,0612
16/08/2023;7040183;11182343,03;507299,1065
17/08/2023;6875881;11135147,49;502380,8904
18/08/2023;6878300;10939282,13;485548,5404
19/08/2023;6897285;8955820,547;313269,3752
20/08/2023;6897327;8354274,655;391978,3823
21/08/2023;6901017;10542742,28;485639,7412
22/08/2023;6904398;10373408,32;436278,6992
23/08/2023;7099820;9477338,548;422980,9315
24/08/2023;7088612;9679158,776;431068,7058
25/08/2023;7081213;9936891,418;442887,2169
26/08/2023;7064889;9751505,999;438070,7296
27/08/2023;7033770;9050897,172;384980,2923
28/08/2023;6995668;9823880,401;451566,8431
29/08/2023;6989432;10145027,88;458839,4462
30/08/2023;6971985;10491227,19;464644,9877
31/08/2023;6905293;10743834,47;487052,8954
01/09/2023;6983002;10235938,95;455949,1115
02/09/2023;7010592;9539878,536;513146,6908
03/09/2023;7012734;10016599,39;433433,6412
04/09/2023;7019775;11105787,23;520266,6412
05/09/2023;7038908;11092395,33;508028,7442
06/09/2023;7042246;11022688,01;497875,2373
07/09/2023;7051215;10783197,99;491642,145
08/09/2023;6982798;10752663,58;492290,0673
09/09/2023;6914006;10910894,29;493340,66
10/09/2023;6948151;9995543,605;443103,2777
11/09/2023;6954856;10694592,12;501494,975
12/09/2023;6972430;10551422,59;483655,4954
13/09/2023;6970918;10092645,8;473173,3
14/09/2023;6964927;10270379,23;482694,1577
15/09/2023;6929736;10398037,47;474188,2504
16/09/2023;6925669;10468649,8;486045,05
17/09/2023;6912764;9311834,048;409184,6204
18/09/2023;6899749;10052084,14;485692,7877
19/09/2023;6693069;10321141,75;476247,6677
20/09/2023;6849022;10197030,95;466075,3881
21/09/2023;6847658;10137642,64;460544,6323
22/09/2023;6843596;10078956,25;467176,735
23/09/2023;6837666;10234299,03;465321,6562
24/09/2023;6770271;9257497,151;400711,385
25/09/2023;6775579;10163027,35;481588,0785
26/09/2023;6775869;10260770,37;460557,9858
27/09/2023;6774169;9999994,555;452517,4446
28/09/2023;6787918;10204010,94;454648,4162
29/09/2023;6794792;10238496,86;453868,1696
30/09/2023;6853773;10351474,42;458776,5512
01/01/2021;0;10432007,47;559414,9553
02/01/2021;0;7656527,384;417710,6586
03/01/2021;0;7086825,183;381466,1634
04/01/2021;0;7908016,567;430064,5953
05/01/2021;0;8347609,633;458369,3846
06/01/2021;0;8341228,817;453047,1001
07/01/2021;0;8260677,883;447636,0084
08/01/2021;0;8451009,85;455856,8442
09/01/2021;0;8268342,517;448345,6037
10/01/2021;0;7410389,333;391132,9791
11/01/2021;0;8273175,667;450126,9897
12/01/2021;0;8353221,9;449764,7056
13/01/2021;0;8363927,7;443806,4826
14/01/2021;0;8177622,317;438350,1033
15/01/2021;0;8310293,5;444605,3512
16/01/2021;0;10346782,2;423723,259
17/01/2021;0;9345444,517;362324,7218
18/01/2021;0;8697471,5;410997,6416
19/01/2021;0;8383886,283;433266,3757
20/01/2021;0;8516880,633;436843,5699
21/01/2021;0;8264534,767;418077,5515
22/01/2021;0;8113329,767;417976,5134
23/01/2021;0;8063590,883;415744,3183
24/01/2021;0;7191990,433;357836,144
25/01/2021;0;8094118,533;426637,3027
26/01/2021;0;8252356,867;429851,0753
27/01/2021;0;8201216,483;426721,6902
28/01/2021;0;8200390,717;431226,2813
29/01/2021;0;8347630,3;437546,6307
30/01/2021;0;7793267,717;398079,9428
31/01/2021;0;7335834,117;384203,4448
01/02/2021;0;8516920,467;452536,6414
02/02/2021;0;8689311,083;453402,216
03/02/2021;0;8687211,55;446531,3048
04/02/2021;0;8542907,067;444176,4837
05/02/2021;0;8726021,8;456954,9057
06/02/2021;0;8502976,083;443858,9842
07/02/2021;0;7737278,117;388270,162
08/02/2021;0;8970709;460256,6335
09/02/2021;0;8408725,783;442334,9306
10/02/2021;0;8621273,9;451360,442
11/02/2021;0;8543908,867;448168,2877
12/02/2021;0;8386609,333;447027,2031
13/02/2021;0;8243385,617;439104,2374
14/02/2021;0;7528796,617;395825,3374
15/02/2021;0;8412416,933;449999,3721
16/02/2021;0;8343776,45;439948,0392
17/02/2021;0;8307700,417;434597,8696
18/02/2021;0;8076869,35;429287,5317
19/02/2021;0;7796473,067;408243,9662
20/02/2021;0;8583282,734;425379,6249
21/02/2021;0;7511054,867;365968,3307
22/02/2021;0;8480874,867;441320,9732
23/02/2021;0;8380450,834;426989,8812
24/02/2021;0;8236969,233;419455,2509
25/02/2021;0;8310022,517;427333,2879
26/02/2021;0;8447769,4;433817,4275
27/02/2021;0;8340419,633;444847,9818
28/02/2021;0;7541688,017;387693,1258
01/03/2021;0;8421169,15;451147,7101
02/03/2021;0;7832161,967;409498,1342
03/03/2021;0;8322792,367;452509,7927
04/03/2021;0;6907617,067;369524,7835
05/03/2021;0;5038778,45;309719,3535
06/03/2021;0;7805419,45;424786,6767
07/03/2021;0;7525703,267;372744,4329
08/03/2021;0;8596408,05;462872,0889
09/03/2021;0;8568524,55;449127,7302
10/03/2021;0;8504974,633;445553,0093
11/03/2021;0;8359124,967;443783,142
12/03/2021;0;8388366,684;440804,0136
13/03/2021;0;8568624,7;456671,9165
14/03/2021;0;7673412,483;391964,0513
15/03/2021;0;8555753,233;450284,7959
16/03/2021;0;7892791,017;400522,6165
17/03/2021;0;8735136,517;449906,2248
18/03/2021;0;8458054,483;433281,0699
19/03/2021;0;8484623,8;448027,0223
20/03/2021;0;8654740,9;448618,8798
21/03/2021;0;7734613,05;382646,0301
22/03/2021;0;8581767,783;445842,365
23/03/2021;0;8718462,083;442285,3685
24/03/2021;0;8548890,75;426745,278
25/03/2021;0;8660011,267;443937,6246
26/03/2021;0;8669171,283;439191,2042
27/03/2021;0;8784627,367;450856,1042
28/03/2021;0;7757442,967;381787,12
29/03/2021;0;8740997,033;447701,3407
30/03/2021;0;8746883,283;446410,4123
31/03/2021;0;8646820,217;440214,4924
01/04/2021;0;9160195,25;465783,4842
02/04/2021;0;8958943,184;451827,0941
03/04/2021;0;8929204,1;462807,5696
04/04/2021;0;8048687,833;405467,799
05/04/2021;0;8830739,8;470749,1447
06/04/2021;0;8712344;466816,5507
07/04/2021;0;8750648;461830,9784
08/04/2021;0;9173286,617;466145,3589
09/04/2021;0;9311695,85;460675,0057
10/04/2021;0;9319327,117;461372,6206
11/04/2021;0;8530308,483;410258,2345
12/04/2021;0;8929817,117;460013,5573
13/04/2021;0;9174938,817;445263,087
14/04/2021;0;9020983,633;452130,9438
15/04/2021;0;9056174,767;452813,3077
16/04/2021;0;8886886,7;450297,1323
17/04/2021;0;8787007,483;461212,0378
18/04/2021;0;7722920,333;384352,4152
19/04/2021;0;8639571,333;445013,4694
20/04/2021;0;8787804,017;452448,6106
21/04/2021;0;8556288,433;424000,1651
22/04/2021;0;8878933,517;447236,8343
23/04/2021;0;9173624,817;431957,6545
24/04/2021;0;9484004,633;454865,544
25/04/2021;0;8654653,183;397075,9639
26/04/2021;0;9259148,283;454739,5547
27/04/2021;0;9372318,3;439017,5366
28/04/2021;0;10301537,3;450892,919
29/04/2021;0;9454181,25;458004,128
30/04/2021;0;9413618,2;463291,3489
01/05/2021;0;9141148,533;432725,845
02/05/2021;0;8449684,383;400711,8213
03/05/2021;0;9041223,433;465455,7284
04/05/2021;0;9225891,767;478636,9516
05/05/2021;0;8965487,667;456607,992
06/05/2021;0;8822523,183;466328,159
07/05/2021;0;8623598,717;458793,8108
08/05/2021;0;8432489,767;456952,5665
09/05/2021;0;7537797,284;393670,9224
10/05/2021;0;8864518,233;441690,1975
11/05/2021;0;8964474,567;424379,5929
12/05/2021;0;9267036,85;447779,8912
13/05/2021;0;9266093,383;448420,6032
14/05/2021;0;9182445,3;443779,8571
15/05/2021;0;9649775,633;463820,393
16/05/2021;0;8767550,4;403122,7618
17/05/2021;0;9181771,333;437571,5121
18/05/2021;0;9477892,05;455257,1046
19/05/2021;0;9527072,217;451577,0847
20/05/2021;0;9700211,65;457780,3093
21/05/2021;0;9759483,267;458397,3622
22/05/2021;0;9971238,833;472992,4484
23/05/2021;0;9097217,117;399187,9327
24/05/2021;0;9688716,4;461634,4972
25/05/2021;0;9855851,083;459086,321
26/05/2021;0;9979654,35;453255,6141
27/05/2021;0;10346259,67;476264,8041
28/05/2021;0;10237131,25;469790,3045
29/05/2021;0;10064156,55;461281,1383
30/05/2021;0;9197257,3;403447,5729
31/05/2021;0;10074913,7;474413,3546
01/06/2021;0;10391902,35;469089,0316
02/06/2021;0;10237399,23;470595,7756
03/06/2021;0;10506051,62;479989,4717
04/06/2021;0;10376803,72;477708,1759
05/06/2021;0;10385405,12;472463,9443
06/06/2021;0;9580645,033;411375,0941
07/06/2021;0;10448051,63;486912,7553
08/06/2021;0;10488699,02;479222,6838
09/06/2021;0;10627053,73;474738,8417
10/06/2021;0;10632713,83;473682,5502
11/06/2021;0;10658583;473982,3997
12/06/2021;0;10382476,03;468688,0629
13/06/2021;0;9519090,867;412566,3805
14/06/2021;0;10389956,73;477670,2952
15/06/2021;0;10499658,82;465088,4727
16/06/2021;0;10413595,35;465391,7629
17/06/2021;0;10424591,75;467220,0292
18/06/2021;0;9949197,283;414082,5983
19/06/2021;0;9151299,05;486067,8126
20/06/2021;0;9621743,783;416923,5429
21/06/2021;0;10363824,9;487087,2368
22/06/2021;0;11075002,88;474353,496
23/06/2021;0;10863634,7;473077,1741
24/06/2021;0;10618479,17;476545,4031
25/06/2021;0;11091421,25;483900,9397
26/06/2021;0;11046244,15;473511,3297
27/06/2021;0;9464571,167;392482,8974
28/06/2021;0;10112792,98;468221,7362
29/06/2021;0;11029721,28;484818,7494
30/06/2021;0;10785085,63;458377,0751
01/07/2021;0;10595019,75;477380,868
02/07/2021;0;10854513,38;471091,8531
03/07/2021;0;11060048,9;477080,0585
04/07/2021;0;9885481,967;414309,8062
05/07/2021;0;10813305,05;486676,1104
06/07/2021;0;10918100,2;479130,6333
07/07/2021;0;10947810,95;478693,1123
08/07/2021;0;10893051,58;478563,3662
09/07/2021;0;11089643,27;497391,7112
10/07/2021;0;11225622,13;501761,0731
11/07/2021;0;10220823,47;433393,5799
12/07/2021;0;11220308,38;506013,8107
13/07/2021;0;11069960,45;490812,3111
14/07/2021;0;11056480,87;486183,5629
15/07/2021;0;10858818,85;479525,4355
16/07/2021;0;11190879,27;488194,4221
17/07/2021;0;11096244,1;475611,9579
18/07/2021;0;10144805,35;417057,6595
19/07/2021;0;10903329,22;480776,7908
20/07/2021;0;11046555,95;471693,6651
21/07/2021;0;11045461,27;468695,759
22/07/2021;0;11265697,33;467819,2286
23/07/2021;0;11258571,67;465532,8967
24/07/2021;0;11190789,7;462511,4168
25/07/2021;0;10314072,87;397036,7247
26/07/2021;0;11100006,08;459186,7528
27/07/2021;0;11446506,15;461273,4977
28/07/2021;0;11500331,85;460448,2244
29/07/2021;0;11970658,18;448000,1186
30/07/2021;0;11907137,7;465945,5635
31/07/2021;0;11014877,52;467166,3021
01/08/2021;0;10084394,97;402420,2586
02/08/2021;0;10811589,67;462175,8923
03/08/2021;0;11263820,17;470225,4231
04/08/2021;0;11312205,63;481487,2665
05/08/2021;0;11159658,92;475170,9997
06/08/2021;0;10474941,97;437067,5596
07/08/2021;0;10111994,47;461185,9731
08/08/2021;0;9874465,65;404970,706
09/08/2021;0;10569750,3;472340,0773
10/08/2021;0;10992225,45;471859,7762
11/08/2021;0;11214292;467245,5804
12/08/2021;0;11032570,08;457741,1367
13/08/2021;0;11130783,07;464862,8924
14/08/2021;0;11128593,55;460925,9317
15/08/2021;0;10443964,4;405528,6906
16/08/2021;0;11444017,77;482686,7129
17/08/2021;0;11653420,43;471363,8397
18/08/2021;0;11380590,02;464771,211
19/08/2021;0;11304582,25;470628,4043
20/08/2021;0;11687966,97;465292,8943
21/08/2021;0;11252467,92;452934,1487
22/08/2021;0;10535014,75;407511,8062
23/08/2021;0;11616928,08;482284,8711
24/08/2021;0;11299281,63;467724,391
25/08/2021;0;11188291;466447,205
26/08/2021;0;11263571,75;458882,6062
27/08/2021;0;11148521,13;469994,2969
28/08/2021;0;11766478;479445,9544
29/08/2021;0;10927868,05;427644,5666
30/08/2021;0;11398660,38;470535,0759
31/08/2021;0;11206296,08;493366,7249
01/09/2021;0;11874088,35;489710,5152
02/09/2021;0;11682988,03;489749,9577
03/09/2021;0;11854426,9;505997,6647
04/09/2021;0;11917045,25;505553,9501
05/09/2021;0;11010724,72;444594,0402
06/09/2021;0;12131378,13;522920,1327
07/09/2021;0;12099169,22;510620,0371
08/09/2021;0;12361226,12;522270,1388
09/09/2021;0;12109086,17;509913,7764
10/09/2021;0;11987045,82;511410,6035
11/09/2021;0;11682821,02;497966,5256
12/09/2021;0;10718446,57;442343,6258
13/09/2021;0;11903147,52;530244,1573
14/09/2021;0;11907580,18;513045,179
15/09/2021;0;11699092,65;494167,6676
16/09/2021;0;11457113,6;485895,7775
17/09/2021;0;11964612,83;494615,5302
18/09/2021;0;11739310,95;482877,5488
19/09/2021;0;10454171,63;409349,7296
20/09/2021;0;11930273,18;512196,0618
21/09/2021;0;11980075,98;486230,7806
22/09/2021;0;11994042,12;474361,4592
23/09/2021;0;11568462,87;474894,566
24/09/2021;0;11942920,47;487543,0955
25/09/2021;0;11809738,45;473301,3673
26/09/2021;0;10546655,8;410417,2109
27/09/2021;0;11414703,4;485260,4542
28/09/2021;0;11993260,32;485536,062
29/09/2021;0;11953152,32;486911,9184
30/09/2021;0;11959767,82;487706,8134
01/10/2021;0;12116268,97;496866,7241
02/10/2021;0;12008350,8;509084,3852
03/10/2021;0;10958847,68;435048,4419
04/10/2021;0;12195422,17;537086,3614
05/10/2021;0;13278935,03;506194,2165
06/10/2021;0;12886777,85;527132,259
07/10/2021;0;12261736,63;502194,9635
08/10/2021;0;12440437,2;522842,4555
09/10/2021;0;12620105,33;521682,8629
10/10/2021;0;11793782,08;444849,6776
11/10/2021;0;12027168,23;506577,5757
12/10/2021;0;11897251,33;524223,15
13/10/2021;0;12395549,88;522043,853
14/10/2021;0;12451885,72;503379,3386
15/10/2021;0;13128262,63;487101,6164
16/10/2021;0;12674479,78;483486,2615
17/10/2021;0;11597591,15;429325,637
18/10/2021;0;11516903,65;497801,0721
19/10/2021;0;11688237,38;473186,251
20/10/2021;0;11613249,67;473476,5375
21/10/2021;0;11382112,07;471724,4526
22/10/2021;0;11689138,65;463866,5979
23/10/2021;0;11634627,98;471248,2728
24/10/2021;0;10538403,92;398704,0287
25/10/2021;0;11117327,23;480176,8277
26/10/2021;0;11426762,38;475988,9243
27/10/2021;0;11495121,27;458791,3689
28/10/2021;0;11633674,47;484553,5141
29/10/2021;0;11088616,2;478789,8487
30/10/2021;0;12352845,32;496081,1211
31/10/2021;0;10716238,22;404499,1339
01/11/2021;0;10961395,57;499109,6304
02/11/2021;0;11639490,97;505686,4001
03/11/2021;0;11499758,33;498224,0339
04/11/2021;0;11621091,53;513092,1993
05/11/2021;0;11671417,73;513984,8374
06/11/2021;0;11861513,67;517498,1346
07/11/2021;0;11353491,18;446062,6992
08/11/2021;0;12302279;549925,771
09/11/2021;0;12115987,63;524764,7858
10/11/2021;0;11992400,37;515793,4838
11/11/2021;0;11665415,83;498609,4617
12/11/2021;0;12018600,55;506483,2923
13/11/2021;0;11532648,9;474074,8207
14/11/2021;0;10709191,75;435977,7596
15/11/2021;0;11653289,55;521764,7168
16/11/2021;0;11195771,98;477812,5653
17/11/2021;0;11332030,42;498528,3664
18/11/2021;0;11678443,97;503166,141
19/11/2021;0;11658187,87;502844,0016
20/11/2021;0;11864076,4;505324,4842
21/11/2021;0;10397766,15;430562,1394
22/11/2021;0;10540001,17;489675,5649
23/11/2021;0;11528820,95;500381,1978
24/11/2021;0;11365047,7;484689,6844
25/11/2021;0;11114495,78;481866,9264
26/11/2021;0;11999065,57;498684,1108
27/11/2021;0;11854041,9;477358,3281
28/11/2021;0;11118669,52;428199,1674
29/11/2021;0;11925587,65;517149,5374
30/11/2021;0;12085831,52;519050,6335
01/12/2021;0;11799635,52;491538,9692
02/12/2021;0;11872335,1;516593,1749
03/12/2021;0;11672827,38;511539,5439
04/12/2021;0;11648417,55;505798,8397
05/12/2021;0;11206429,48;464500,4053
06/12/2021;0;12188936,3;558985,0929
07/12/2021;0;12042039,83;525436,5995
08/12/2021;0;11922592,8;510404,3055
09/12/2021;0;11106135,28;467181,18
10/12/2021;0;12094110,82;534048,6086
11/12/2021;0;11932074,85;503547,6281
12/12/2021;0;10776111,08;439955,6545
13/12/2021;0;11712528,6;534416,8518
14/12/2021;0;11976746,9;522791,549
15/12/2021;0;11558554,27;505277,5349
16/12/2021;0;11228996,28;491327,7873
17/12/2021;0;11924961,22;526329,9357
18/12/2021;0;12195465,75;534409,7106
19/12/2021;0;11065241,48;450266,6376
20/12/2021;0;11531468,05;508903,7897
21/12/2021;0;11821190,38;532664,4703
22/12/2021;0;12246770,65;543525,678
23/12/2021;0;12275479,65;549916,397
24/12/2021;0;13123726,05;597927,3205
25/12/2021;0;13409967,48;557878,3345
26/12/2021;0;10700201,15;460632,9404
27/12/2021;0;11913314,35;549605,1415
28/12/2021;0;12279689,85;568869,2205
29/12/2021;0;12914135,3;582922,137
30/12/2021;0;13319823,52;621351,9407
31/12/2021;0;13180246,92;700672,3634