date;Parc;Usage;Revenu;Service;Operateur
31/01/2018;3446532;69177747,43;7095073,567;Global;Africell
28/02/2018;3467211;65596704,06;6680761,944;Global;Africell
31/03/2018;3513457;77395548,57;7559165,488;Global;Africell
30/04/2018;3593212;69424470,82;7315253,873;Global;Africell
31/05/2018;3646751;75186941,28;7758109,888;Global;Africell
30/06/2018;3713197;76698587,89;7729819,518;Global;Africell
31/07/2018;3753299;83354682,22;8410210,923;Global;Africell
31/08/2018;3831368;83756228,56;8468206,955;Global;Africell
30/09/2018;3867128;76503289,27;8153469,424;Global;Africell
31/10/2018;3906959;83943444,54;8326506,096;Global;Africell
30/11/2018;3942122;78603538,82;8072470,312;Global;Africell
31/12/2018;3922308;75165714,69;8802683,517;Global;Africell
31/01/2019;3857982;89107855,9;8339884,688;Global;Africell
28/02/2019;3819016;74328239,67;7951380,005;Global;Africell
31/03/2019;3786919;82471050,52;8871175,229;Global;Africell
30/04/2019;3802445;84069268,59;8798609,754;Global;Africell
31/05/2019;3801684;86269125,54;9138564,759;Global;Africell
30/06/2019;3810149;85572178,96;9105627,33;Global;Africell
31/07/2019;3871873;95867614,33;10116248,06;Global;Africell
31/08/2019;3940018;94362959,77;10372700,45;Global;Africell
30/09/2019;4012482;99073800,99;9824022,495;Global;Africell
31/10/2019;4031741;93166609,66;10111176,39;Global;Africell
30/11/2019;4025291;92015292,84;9786990,098;Global;Africell
31/12/2019;4022009;98717043,5;10432595,59;Global;Africell
31/01/2020;4014769;88675321,54;9867322,293;Global;Africell
29/02/2020;4001119;85463327,11;9450122,773;Global;Africell
31/03/2020;3978580;94722105,88;10330645,49;Global;Africell
30/04/2020;3958462;74989276;8639501;Global;Africell
31/05/2020;3921314;75455898;8738466;Global;Africell
30/06/2020;3910794;75276280;8556757;Global;Africell
31/07/2020;3965894;81343930;8997895;Global;Africell
31/08/2020;4010105;86458345;9356394;Global;Africell
30/09/2020;4041836;87175138;9591269;Global;Africell
31/10/2020;4049301;89519782;9856695;Global;Africell
30/11/2020;4096145;85176735;9479882;Global;Africell
31/12/2020;4199258;91097083;10162347;Global;Africell
31/01/2021;4236414;86996616;9737668;Global;Africell
28/02/2021;4245543;81165597;9102995;Global;Africell
31/03/2021;4156213;95331922;9332197;Global;Africell
30/04/2021;4108984;87168084;8418231;Global;Africell
31/05/2021;4088199;94447576;9309989;Global;Africell
30/06/2021;4124999;95331922;9332197;Global;Africell
31/07/2021;4108984;87168084;8418231;Global;Africell
31/08/2021;4088199;94447576;9309989;Global;Africell
30/09/2021;4457192;101743989;9230248;Global;Africell
31/10/2021;4418811;90092729;9394760;Global;Africell
30/11/2021;4410125;75766875;8766674;Global;Africell
31/12/2021;4562498;89780406;9356428;Global;Africell
31/01/2022;4575231;77431205;8879397;Global;Africell
28/02/2022;4598772;74632377;7762766;Global;Africell
31/03/2022;4479504;85735144;8217062;Global;Africell
30/04/2022;3731719;86900349;8008605;Global;Africell
31/05/2022;3642799;84136640;8593028;Global;Africell
30/06/2022;3564179;88089326;8529864;Global;Africell
31/07/2022;4530066;92102227;8919125;Global;Africell
31/08/2022;4511916;92996656;8968291;Global;Africell
30/09/2022;4189732;68158000;8118195;Global;Africell
31/10/2022;3933076;65567116;7999144;Global;Africell
30/11/2022;3823695;62854764;7783778;Global;Africell
31/12/2022;3828030;66362964;7951079;Global;Africell
31/01/2023;3731719;58882460;7409186;Global;Africell
28/02/2023;3642799;51273360;6508748;Global;Africell
31/03/2023;3564179;52822564;7324654;Global;Africell
30/04/2023;3540169;49452968;6961801;Global;Africell
31/05/2023;3572638;52651664;7046733;Global;Africell
30/06/2023;3612335;51252836;6952603;Global;Africell
31/01/2018;9442439;288211351,5;25926345,38;Global;Airtel
28/02/2018;9576521;273291852,3;24412395,44;Global;Airtel
31/03/2018;9709205;322448713,4;27622199,18;Global;Airtel
30/04/2018;8229522;347726479,4;26980923,73;Global;Airtel
31/05/2018;8295358;376588976,2;28614313,98;Global;Airtel
30/06/2018;8241268;384160363,4;28509970,32;Global;Airtel
31/07/2018;8226433;399632784;29984641,91;Global;Airtel
31/08/2018;8256048;401557943,8;30191413,21;Global;Airtel
30/09/2018;8147744;366784704,4;29069290,09;Global;Airtel
31/10/2018;8090709;338086218,5;29532082,54;Global;Airtel
30/11/2018;8056728;316579494;28631079,69;Global;Airtel
31/12/2018;8069969;302733493,7;31220967,5;Global;Airtel
31/01/2019;7986041;249134095,5;27572537,88;Global;Airtel
28/02/2019;7932534;207812190,9;26288100,45;Global;Airtel
31/03/2019;7865154;230578441,9;29329040,41;Global;Airtel
30/04/2019;8340995;212076418,3;27939779,4;Global;Airtel
31/05/2019;8330986;217625863,3;29019298,57;Global;Airtel
30/06/2019;8368434;215867718,6;28914706,53;Global;Airtel
31/07/2019;8473876;227025516,9;32417407,25;Global;Airtel
31/08/2019;8570478;223462322,2;33239206,15;Global;Airtel
30/09/2019;8708282;234618135,1;31480973,6;Global;Airtel
31/10/2019;8856322;224679687,4;33699120,2;Global;Airtel
30/11/2019;9095443;221903183;32618653,16;Global;Airtel
31/12/2019;9300570;238065059,6;34770364,91;Global;Airtel
31/01/2020;9470770;215178427,9;35609635,5;Global;Airtel
29/02/2020;9656397;207384242,3;34104027,15;Global;Airtel
31/03/2020;9723260;229851479,2;37281697,06;Global;Airtel
30/04/2020;9718715;206755242;35279296;Global;Airtel
31/05/2020;9820543;217560365;35311645;Global;Airtel
30/06/2020;9890014;219004967;35377319;Global;Airtel
31/07/2020;10113043;239663611;37374921;Global;Airtel
31/08/2020;10307184;250327665;38533178;Global;Airtel
30/09/2020;10465370;256373966;38455081;Global;Airtel
31/10/2020;10526650;270215790;41532602;Global;Airtel
30/11/2020;10543238;255945618;39628864;Global;Airtel
31/12/2020;10583837;279284773;44357405;Global;Airtel
31/01/2021;10658563;267658024;41629235;Global;Airtel
28/02/2021;10908722;255513463;39363259;Global;Airtel
31/03/2021;11265306;375403968;48472747;Global;Airtel
30/04/2021;11671155;318237507;43579635;Global;Airtel
31/05/2021;12069710;349057336;47390248;Global;Airtel
30/06/2021;12517987;375403968;48472747;Global;Airtel
31/07/2021;13018105;353375457;49766416;Global;Airtel
31/08/2021;13245308;351081456;50238243;Global;Airtel
30/09/2021;13410521;337513326;49536557;Global;Airtel
31/10/2021;13501438;345700785;51093030;Global;Airtel
30/11/2021;13519679;341271689;50277650;Global;Airtel
31/12/2021;13386208;372681758;54129375;Global;Airtel
31/01/2022;13333032;354388520;52735513;Global;Airtel
28/02/2022;13483130;332334650;48182883;Global;Airtel
31/03/2022;13534448;377554671;55898405;Global;Airtel
30/04/2022;13534302;380219301;54479083;Global;Airtel
31/05/2022;13354790;402722659;57345938;Global;Airtel
30/06/2022;13235968;389129718;57367848;Global;Airtel
31/07/2022;12677448;404671072;60468254;Global;Airtel
31/08/2022;12708922;406136782;61024072;Global;Airtel
30/09/2022;12958149;393401918;60158973;Global;Airtel
31/10/2022;13211762;410309962;59966502;Global;Airtel
30/11/2022;13609832;393155834;57919198;Global;Airtel
31/12/2022;13934147;427902862;62536794;Global;Airtel
31/01/2023;14149178;401770336;52167246;Global;Airtel
28/02/2023;14461896;366795307;49885943;Global;Airtel
31/03/2023;14763426;389507159;59575381;Global;Airtel
30/04/2023;15029933;385280243;56572949;Global;Airtel
31/05/2023;15186568;417194499;58514124;Global;Airtel
30/06/2023;15408021;404414168;58404368;Global;Airtel
31/01/2018;10630360;386859912,6;26383562,74;Global;Orange
28/02/2018;10673945;366833788,9;24842913,93;Global;Orange
31/03/2018;10853402;432815988,8;28109323,33;Global;Orange
30/04/2018;10904412;399966479,2;27094780,67;Global;Orange
31/05/2018;10993829;433165076,1;28735063,67;Global;Orange
30/06/2018;11190511;441873935,7;28630279,7;Global;Orange
31/07/2018;11263249;486478067,9;31060954,95;Global;Orange
31/08/2018;11365744;488821589,4;31275148,41;Global;Orange
30/09/2018;11454837;446491683;30112746,14;Global;Orange
31/10/2018;11561366;462528478;31363101,05;Global;Orange
30/11/2018;11618017;433105591,2;30406235,12;Global;Orange
31/12/2018;11648338;414163176,2;33156698,55;Global;Orange
31/01/2019;10761899;295838430,6;29974799,29;Global;Orange
28/02/2019;10829699;246770046,9;28578455,06;Global;Orange
31/03/2019;10855166;273804210,8;31884337,37;Global;Orange
30/04/2019;10297210;277133728,6;32609877,04;Global;Orange
31/05/2019;10329131;284385541;33869836,42;Global;Orange
30/06/2019;10522023;282088061,7;33747761,96;Global;Orange
31/07/2019;10710367;311729545,9;36282372,02;Global;Orange
31/08/2019;10766061;306836910,5;37202149,88;Global;Orange
30/09/2019;10783477;322154996,9;35234292,09;Global;Orange
31/10/2019;10814749;324949146,9;34712859,68;Global;Orange
30/11/2019;10430825;320933551,4;33599889,94;Global;Orange
31/12/2019;10398435;344308107,7;35816329,65;Global;Orange
31/01/2020;10587686;317393277,7;32999529,17;Global;Orange
29/02/2020;10659682;305896669,4;31604278,53;Global;Orange
31/03/2020;10529136;339036376;34549032,37;Global;Orange
30/04/2020;10607058;290558718;28223828;Global;Orange
31/05/2020;10457582;308516473;31099428;Global;Orange
30/06/2020;10834808;303220034;29349905;Global;Orange
31/07/2020;11030032;307838685;31271901;Global;Orange
31/08/2020;11012630;281243643;32432234;Global;Orange
30/09/2020;10918424;279576027;33029242;Global;Orange
31/10/2020;10917776;282388707;33973905;Global;Orange
30/11/2020;10918977;275848567;31917138;Global;Orange
31/12/2020;11197168;280302485;34391311;Global;Orange
31/01/2021;11132428;272052942;32064714;Global;Orange
28/02/2021;11071267;278911846;29908810;Global;Orange
31/03/2021;10994434;364856576;33651763;Global;Orange
30/04/2021;11709020;319900152;32184018;Global;Orange
31/05/2021;12148908;342980370;33717413;Global;Orange
30/06/2021;12607078;364856576;33651763;Global;Orange
31/07/2021;12562382;397998891;37170163;Global;Orange
31/08/2021;12719781;401387437;37700998;Global;Orange
30/09/2021;12551565;408573717;38507373;Global;Orange
31/10/2021;12567227;424039613;40476832;Global;Orange
30/11/2021;12918464;397651309;39582854;Global;Orange
31/12/2021;13063770;426698707;42446996;Global;Orange
31/01/2022;13315252;416638682;40969750;Global;Orange
28/02/2022;13167250;384896260;38378963;Global;Orange
31/03/2022;13119976;422275721;42905174;Global;Orange
30/04/2022;13193099;441890857;42550340;Global;Orange
31/05/2022;13451618;459325535;46245725;Global;Orange
30/06/2022;14057409;390315845;46639048;Global;Orange
31/07/2022;14341198;428147128;48909348;Global;Orange
31/08/2022;14775681;440655020;50701699;Global;Orange
30/09/2022;15193132;409875102;48117975;Global;Orange
31/10/2022;15366822;397806836;48307494;Global;Orange
30/11/2022;15306374;390724368;46856958;Global;Orange
31/12/2022;15169420;398979335;49685997;Global;Orange
31/01/2023;14729630;376877485;43611192;Global;Orange
28/02/2023;14487337;326478108;39117661;Global;Orange
31/03/2023;14247889;327710362;45757928;Global;Orange
30/04/2023;14344850;312305675;43646582;Global;Orange
31/05/2023;14792603;366489811;44680612;Global;Orange
30/06/2023;14836612;367690085;44623230;Global;Orange
31/01/2018;35166799;1155861256;101707655;Global;Tous_resaux
28/02/2018;35430844;1096027141;95768511;Global;Tous_resaux
31/03/2018;35896672;1293168964;108360398;Global;Tous_resaux
30/04/2018;34717366;1246013164;104805607;Global;Tous_resaux
31/05/2018;35065628;1349436553;111150403;Global;Tous_resaux
30/06/2018;35423619;1376567211;110745087;Global;Tous_resaux
31/07/2018;35676222;1466629393;113269654;Global;Tous_resaux
31/08/2018;36062626;1473694619;114050751;Global;Tous_resaux
30/09/2018;36270268;1346078825;109811831;Global;Tous_resaux
31/10/2018;36493817;1372152138;112222476;Global;Tous_resaux
30/11/2018;36588037;1284865238;108798648;Global;Tous_resaux
31/12/2018;36470600;1228670049;118640271;Global;Tous_resaux
31/01/2019;35049762;1058292175;107158391;Global;Tous_resaux
28/02/2019;34918034;882761611;102166531;Global;Tous_resaux
31/03/2019;34687500;979469953;113984893;Global;Tous_resaux
30/04/2019;34734341;955671248;112168057;Global;Tous_resaux
31/05/2019;34626496;980678484;116501934;Global;Tous_resaux
30/06/2019;35048390;972755829;116082035;Global;Tous_resaux
31/07/2019;35615633;1049691801;125844914;Global;Tous_resaux
31/08/2019;36065903;1033216753;129035151;Global;Tous_resaux
30/09/2019;36481836;1084797586;122209663;Global;Tous_resaux
31/10/2019;36776842;1103821353;126595378;Global;Tous_resaux
30/11/2019;36766159;1090180757;122536455;Global;Tous_resaux
31/12/2019;37123208;1169581902;130619656;Global;Tous_resaux
31/01/2020;37248354;1075265864;127030781;Global;Tous_resaux
29/02/2020;37713459;1036317621;121659802;Global;Tous_resaux
31/03/2020;38073115;1148588415;132995551;Global;Tous_resaux
30/04/2020;38085951;1002559722;114649733;Global;Tous_resaux
31/05/2020;38013634;1049094418;118694321;Global;Tous_resaux
30/06/2020;38545029;1042505922;115651642;Global;Tous_resaux
31/07/2020;39209513;1099667597;122866393;Global;Tous_resaux
31/08/2020;39641714;1101302393;127489230;Global;Tous_resaux
30/09/2020;39895672;1111574675;129069012;Global;Tous_resaux
31/10/2020;40103887;1139850033;134851923;Global;Tous_resaux
30/11/2020;40276430;1084194041;127628893;Global;Tous_resaux
31/12/2020;40798396;1157354374;139845551;Global;Tous_resaux
31/01/2021;40931505;1112833819;133219824;Global;Tous_resaux
28/02/2021;41287708;1071561788;125397482;Global;Tous_resaux
31/03/2021;41595482;1346624521;140389852;Global;Tous_resaux
30/04/2021;42741283;1209083860;133877001;Global;Tous_resaux
31/05/2021;43684133;1284670154;140844516;Global;Tous_resaux
30/06/2021;44786510;1346624521;140389852;Global;Tous_resaux
31/07/2021;45510921;1346375882;146156276;Global;Tous_resaux
31/08/2021;46386505;1363974508;149361543;Global;Tous_resaux
30/09/2021;47199091;1367084273;149959842;Global;Tous_resaux
31/10/2021;47534663;1374597467;156838820;Global;Tous_resaux
30/11/2021;46847064;1302514796;154383425;Global;Tous_resaux
31/12/2021;46885799;1410812337;165698791;Global;Tous_resaux
31/01/2022;46924530;1344577578;159092323;Global;Tous_resaux
28/02/2022;46821927;1238785046;146220909;Global;Tous_resaux
31/03/2022;46645908;1394628212;165967837;Global;Tous_resaux
30/04/2022;46159453;1410816888;162592255;Global;Tous_resaux
31/05/2022;46358130;1487757262;172996075;Global;Tous_resaux
30/06/2022;46876984;1369542536;172373637;Global;Tous_resaux
31/07/2022;47650901;1455282356;181791319;Global;Tous_resaux
31/08/2022;48071820;1473943685;184923429;Global;Tous_resaux
30/09/2022;48449966;1364168505;177706266;Global;Tous_resaux
31/10/2022;48852709;1364231404;175540029;Global;Tous_resaux
30/11/2022;49295523;1327176751;169541271;Global;Tous_resaux
31/12/2022;49844134;1415467317;183563346;Global;Tous_resaux
31/01/2023;52618874;1349023894;152926315;Global;Tous_resaux
28/02/2023;53075456;1213878682;140737375;Global;Tous_resaux
31/03/2023;53674957;1292262241;164988878;Global;Tous_resaux
30/04/2023;54345907;1187789221;157814418;Global;Tous_resaux
31/05/2023;55370910;1310069602;163194701;Global;Tous_resaux
30/06/2023;55781979;1277909160;161601820;Global;Tous_resaux
31/01/2018;11638542;411612244,4;42302673,31;Global;Vodacom
28/02/2018;11703717;390304795,7;39832439,69;Global;Vodacom
31/03/2018;11820608;460508713,2;45069710;Global;Vodacom
30/04/2018;11989642;428895734,6;43414648,73;Global;Vodacom
31/05/2018;12128722;464495559,5;46042915,46;Global;Vodacom
30/06/2018;12278643;473834323,9;45875017,46;Global;Vodacom
31/07/2018;12433353;497163858,8;43813846,21;Global;Vodacom
31/08/2018;12609907;499558857,2;44115982,42;Global;Vodacom
30/09/2018;12800559;456299148,3;42476325,35;Global;Vodacom
31/10/2018;12934964;487593997;43000786,31;Global;Vodacom
30/11/2018;12971182;456576614;41688862,88;Global;Vodacom
31/12/2018;12829985;436607664,4;45459921,43;Global;Vodacom
31/01/2019;12443802;424211793;41271169,13;Global;Vodacom
28/02/2019;12336785;353851133,6;39348595,49;Global;Vodacom
31/03/2019;12180261;392616249,8;43900339,99;Global;Vodacom
30/04/2019;12293537;382391832,5;42819790,81;Global;Vodacom
31/05/2019;12164455;392397954,2;44474234,25;Global;Vodacom
30/06/2019;12347784;389227869,7;44313939,18;Global;Vodacom
31/07/2019;12977520;415069123,8;47028886,67;Global;Vodacom
31/08/2019;12789346;408554560,5;48221094,52;Global;Vodacom
30/09/2019;12977595;428950653,1;45670374,81;Global;Vodacom
31/10/2019;13215084;461025909;48072221,72;Global;Vodacom
30/11/2019;13215084;455328729,7;46530921,8;Global;Vodacom
31/12/2019;13402194;488491691,2;49600365,86;Global;Vodacom
31/01/2020;13513432;454018836,8;48554294,04;Global;Vodacom
29/02/2020;13625593;437573382,2;46501373,54;Global;Vodacom
31/03/2020;13765935;484978453,8;50834176,08;Global;Vodacom
30/04/2020;13801716;430256486;42507108;Global;Vodacom
31/05/2020;13814195;447561682;43544782;Global;Vodacom
30/06/2020;13909413;445004641;42367661;Global;Vodacom
31/07/2020;14100544;470821371;45221676;Global;Vodacom
31/08/2020;14311795;483272740;47167424;Global;Vodacom
30/09/2020;14470042;488449544;47993420;Global;Vodacom
31/10/2020;14610160;497725754;49488721;Global;Vodacom
30/11/2020;14718070;467223121;46603009;Global;Vodacom
31/12/2020;14818133;506670033;50934488;Global;Vodacom
31/01/2021;14904100;486126237;49788207;Global;Vodacom
28/02/2021;15062176;455970882;47022418;Global;Vodacom
31/03/2021;15179529;511032055;48933145;Global;Vodacom
30/04/2021;15252124;483778117;49695117;Global;Vodacom
31/05/2021;15377316;498184872;50426866;Global;Vodacom
30/06/2021;15536446;511032055;48933145;Global;Vodacom
31/07/2021;15821450;507833450;50801466;Global;Vodacom
31/08/2021;16333217;517058039;52112313;Global;Vodacom
30/09/2021;16779813;519253241;52685664;Global;Vodacom
31/10/2021;17047187;514764340;55874198;Global;Vodacom
30/11/2021;15998796;487824923;55756247;Global;Vodacom
31/12/2021;15873323;521651466;59765992;Global;Vodacom
31/01/2022;15701015;496119171;56507663;Global;Vodacom
28/02/2022;15572775;446921759;51896297;Global;Vodacom
31/03/2022;15511980;509062676;58947196;Global;Vodacom
30/04/2022;15700333;501806381;57554227;Global;Vodacom
31/05/2022;15908923;541572428;60811384;Global;Vodacom
30/06/2022;16019428;502007647;59836877;Global;Vodacom
31/07/2022;16102189;530361929;63494592;Global;Vodacom
31/08/2022;16075301;534155227;64229367;Global;Vodacom
30/09/2022;16108953;492733485;61311123;Global;Vodacom
31/10/2022;16341049;490547490;59266889;Global;Vodacom
30/11/2022;16555622;480441785;56981337;Global;Vodacom
31/12/2022;16912537;522222156;63389476;Global;Vodacom
31/01/2023;20008347;511493613;49738691;Global;Vodacom
28/02/2023;20483424;469331907;45225023;Global;Vodacom
31/03/2023;21099463;522222156;52330915;Global;Vodacom
30/04/2023;21430955;440750335;50633087;Global;Vodacom
31/05/2023;21819101;473733628;52953232;Global;Vodacom
30/06/2023;21925011;454552070;51621618;Global;Vodacom
31/01/2018;291812;350343719,4;1039850,265;Internet;Africell
28/02/2018;296334;359340054,6;1009581,975;Internet;Africell
31/03/2018;326029;426504489,9;1187078,76;Internet;Africell
30/04/2018;312434;484716792;1235917,865;Internet;Africell
31/05/2018;308091;510336888,3;1304759,058;Internet;Africell
30/06/2018;348764;552186185,7;1304131,077;Internet;Africell
31/07/2018;354415;589201655,5;1433749,122;Internet;Africell
31/08/2018;351637;628619622,5;1515699,004;Internet;Africell
30/09/2018;379616;624465737;1464318,796;Internet;Africell
31/10/2018;382000;692325001,9;1642353,684;Internet;Africell
30/11/2018;379166;699746751,5;1647814,465;Internet;Africell
31/12/2018;410153;755690239,6;1754512,852;Internet;Africell
31/01/2019;291634;310392388,9;959361,6988;Internet;Africell
28/02/2019;385460;696045024,7;1713281,981;Internet;Africell
31/03/2019;478513;795127903,4;1970680,32;Internet;Africell
30/04/2019;442691;740358338,7;2011139,156;Internet;Africell
31/05/2019;454056;805622212,5;2071787,38;Internet;Africell
30/06/2019;479197;882547275,8;2105287,464;Internet;Africell
31/07/2019;494993;947748119,4;2274491,455;Internet;Africell
31/08/2019;505911;963375083,7;2420493,225;Internet;Africell
30/09/2019;500264;940752122,1;2257358,33;Internet;Africell
31/10/2019;507181;1902931095;2428819,889;Internet;Africell
30/11/2019;507396;1958564318;2374148,025;Internet;Africell
31/12/2019;498330;2118594002;2486913,039;Internet;Africell
31/01/2020;458556;1104215817;2634481,322;Internet;Africell
29/02/2020;456233;1135484275;2496282,73;Internet;Africell
31/03/2020;506685;1414421437;2826092,183;Internet;Africell
30/04/2020;488243;1442513081;2601732;Internet;Africell
31/05/2020;478330;1431213403;2570668;Internet;Africell
30/06/2020;472527;1341430930;2382569;Internet;Africell
31/07/2020;486666;1344578885;2459199;Internet;Africell
31/08/2020;495776;1267833526;2370419;Internet;Africell
30/09/2020;483640;1243123289;2397104;Internet;Africell
31/10/2020;478260;1325827554;2449157;Internet;Africell
30/11/2020;470870;1348976097;2405110;Internet;Africell
31/12/2020;488125;1491170460;2515124;Internet;Africell
31/01/2021;499915;1603063004;2525598;Internet;Africell
28/02/2021;484598;1461605681;2305329;Internet;Africell
31/03/2021;734261;1723455019;2097942;Internet;Africell
30/04/2021;488826;1554815531;1915670;Internet;Africell
31/05/2021;580125;1698833963;2137127;Internet;Africell
30/06/2021;734261;1723455019;2097942;Internet;Africell
31/07/2021;488826;1554815531;1915670;Internet;Africell
31/08/2021;580125;1698833963;2137127;Internet;Africell
30/09/2021;537077;1794945579;2127046;Internet;Africell
31/10/2021;537491;1841260544;2221948;Internet;Africell
30/11/2021;542114;1787792384;2073805;Internet;Africell
31/12/2021;555891;1780980736;2313552;Internet;Africell
31/01/2022;540074;1969343488;1966575;Internet;Africell
28/02/2022;528271;1792695296;1780084;Internet;Africell
31/03/2022;577061;1988240384;2057150;Internet;Africell
30/04/2022;503110;1968738304;2237034;Internet;Africell
31/05/2022;486261;1814355870;2248018;Internet;Africell
30/06/2022;515456;2067743744;2287146;Internet;Africell
31/07/2022;623577;2517473967;2343975;Internet;Africell
31/08/2022;621591;2551284736;2448498;Internet;Africell
30/09/2022;628000;2163027441;2254345;Internet;Africell
31/10/2022;537698;2178004992;2142610;Internet;Africell
30/11/2022;527999;2250442568;2061322;Internet;Africell
31/12/2022;537189;2443392051;2041858;Internet;Africell
31/01/2023;532831;2697577463;1961564;Internet;Africell
28/02/2023;524337;2521191723;1758240;Internet;Africell
31/03/2023;593119;2776136588;2270181;Internet;Africell
30/04/2023;597563;2831132225;2201196;Internet;Africell
31/05/2023;639568;3188363546;2249232;Internet;Africell
30/06/2023;626934;3289709423;2338352;Internet;Africell
31/01/2018;3753770;674076511,4;4884300,016;Internet;Airtel
28/02/2018;3811943;691385850,4;4742126,269;Internet;Airtel
31/03/2018;4025760;820613137;5575849,715;Internet;Airtel
30/04/2018;3857891;886098488,2;5440717,516;Internet;Airtel
31/05/2018;3804256;932933937,2;5743767,979;Internet;Airtel
30/06/2018;4225414;1009437578;5741003,505;Internet;Airtel
31/07/2018;4293885;950839686;5951477,399;Internet;Airtel
31/08/2018;4260226;1014451468;6291650,49;Internet;Airtel
30/09/2018;4331384;1007748026;6078371,792;Internet;Airtel
31/10/2018;4358585;993842485,6;6183809,004;Internet;Airtel
30/11/2018;4326246;1004496514;6204369,999;Internet;Airtel
31/12/2018;4276552;1084804195;6606111,996;Internet;Airtel
31/01/2019;3040790;464411358,4;3509440,922;Internet;Airtel
28/02/2019;4019085;1041427648;6267356,621;Internet;Airtel
31/03/2019;4184124;1189676174;7208945,457;Internet;Airtel
30/04/2019;3870890;1207490511;6447232,089;Internet;Airtel
31/05/2019;3970273;1313932898;6641655,82;Internet;Airtel
30/06/2019;4723948;1439394149;6749049,091;Internet;Airtel
31/07/2019;4879663;1646141868;7167982,737;Internet;Airtel
31/08/2019;4987294;1673284312;7628102,369;Internet;Airtel
30/09/2019;4968428;1633990534;7113988,275;Internet;Airtel
31/10/2019;5037122;2335707033;7136244,99;Internet;Airtel
30/11/2019;5039257;2403992695;6975610,677;Internet;Airtel
31/12/2019;5227386;2600417284;7306931,567;Internet;Airtel
31/01/2020;4810162;3007238165;9103493,379;Internet;Airtel
29/02/2020;4785794;3092395159;8625945,882;Internet;Airtel
31/03/2020;5473256;3852056873;9765607,85;Internet;Airtel
30/04/2020;5427220;4207344994;10536478;Internet;Airtel
31/05/2020;5521649;4322947580;10226796;Internet;Airtel
30/06/2020;5595989;4598335243;9902834;Internet;Airtel
31/07/2020;5729556;4578696593;10077586;Internet;Airtel
31/08/2020;5869214;4647261318;10064663;Internet;Airtel
30/09/2020;5978579;4780236993;10377665;Internet;Airtel
31/10/2020;5984759;5280803453;11019081;Internet;Airtel
30/11/2020;5957557;5666943111;10970485;Internet;Airtel
31/12/2020;6062834;6592810721;13747158;Internet;Airtel
31/01/2021;6153778;6856715588;12328978;Internet;Airtel
28/02/2021;6324830;6531504978;11897138;Internet;Airtel
31/03/2021;7175760;8871546806;14751484;Internet;Airtel
30/04/2021;6729417;7699562222;13441516;Internet;Airtel
31/05/2021;6960389;8644768740;14569670;Internet;Airtel
30/06/2021;7175760;8871546806;14751484;Internet;Airtel
31/07/2021;7237374;9005513783;15043475;Internet;Airtel
31/08/2021;7383843;9318964378;15571833;Internet;Airtel
30/09/2021;7479326;9080110940;15621535;Internet;Airtel
31/10/2021;7595421;9147043734;15783064;Internet;Airtel
30/11/2021;7709659;9666965125;15301514;Internet;Airtel
31/12/2021;7415886;10230702869;16705555;Internet;Airtel
31/01/2022;7765465;11251279478;16451145;Internet;Airtel
28/02/2022;7903084;10323454149;14967598;Internet;Airtel
31/03/2022;7953359;11873191321;17622495;Internet;Airtel
30/04/2022;8051037;12081775961;17332164;Internet;Airtel
31/05/2022;8033398;12962940124;18005302;Internet;Airtel
30/06/2022;7876600;12797093122;18297913;Internet;Airtel
31/07/2022;7583453;13767616418;19523124;Internet;Airtel
31/08/2022;7763205;14950490959;20118275;Internet;Airtel
30/09/2022;7976175;15368922638;19950394;Internet;Airtel
31/10/2022;8079015;16603874985;19720586;Internet;Airtel
30/11/2022;8247986;16364076188;19862447;Internet;Airtel
31/12/2022;8000188;18394141617;21029157;Internet;Airtel
31/01/2023;8238022;18900568929;20631307;Internet;Airtel
28/02/2023;8726635;17825780584;19373347;Internet;Airtel
31/03/2023;8963409;17595245243;22452285;Internet;Airtel
30/04/2023;8996003;17622900253;23411479;Internet;Airtel
31/05/2023;9057975;19328069928;24267828;Internet;Airtel
30/06/2023;9301778;20547324102;24326984;Internet;Airtel
31/01/2018;3077296;761497178,6;4252436,58;Internet;Orange
28/02/2018;3124985;781051357,6;4128655,313;Internet;Orange
31/03/2018;3373700;927038070,5;4854523,108;Internet;Orange
30/04/2018;3233021;890333282,5;4851551,283;Internet;Orange
31/05/2018;3188074;937392564,9;5121784,916;Internet;Orange
30/06/2018;3326675;1014261828;5119319,802;Internet;Orange
31/07/2018;3380582;1188747968;5276848,858;Internet;Orange
31/08/2018;3354082;1268275966;5578461,697;Internet;Orange
30/09/2018;3676780;1259895265;5389359,162;Internet;Orange
31/10/2018;3699870;1433811380;5760698,594;Internet;Orange
30/11/2018;3672419;1449181891;5779852,759;Internet;Orange
31/12/2018;3652637;1565041364;6154106,646;Internet;Orange
31/01/2019;2597163;685869570,5;3308079,106;Internet;Orange
28/02/2019;3432733;1538040620;5907753,384;Internet;Orange
31/03/2019;4948320;1756982623;6795316,51;Internet;Orange
30/04/2019;4577876;1927048653;7511211,085;Internet;Orange
31/05/2019;4695410;2096921340;7737720,33;Internet;Orange
30/06/2019;6253821;2297146463;7862836,585;Internet;Orange
31/07/2019;6459965;2609791052;7867353,361;Internet;Orange
31/08/2019;6602452;2652822645;8372366,259;Internet;Orange
30/09/2019;6811993;2590526344;7808090,732;Internet;Orange
31/10/2019;6906177;2858088823;8033972,927;Internet;Orange
30/11/2019;6909104;2941646600;7853131,08;Internet;Orange
31/12/2019;6893471;3182001625;8226131,595;Internet;Orange
31/01/2020;6343268;3039675664;8411506,141;Internet;Orange
29/02/2020;6311133;3125751202;7970258,64;Internet;Orange
31/03/2020;7019351;3893606988;9023291,057;Internet;Orange
30/04/2020;6738830;4027204106;7564006;Internet;Orange
31/05/2020;4853197;3120443189;7760194;Internet;Orange
30/06/2020;5126543;3771873853;7960715;Internet;Orange
31/07/2020;7044039;4525894184;8273966;Internet;Orange
31/08/2020;7190219;4301383995;8363647;Internet;Orange
30/09/2020;7338206;4243014026;8441635;Internet;Orange
31/10/2020;7415582;4235067971;8637882;Internet;Orange
30/11/2020;7417151;4414366281;8286953;Internet;Orange
31/12/2020;7476857;4921215910;8881087;Internet;Orange
31/01/2021;7573045;5274830086;9136976;Internet;Orange
28/02/2021;13310783;4926668598;8797981;Internet;Orange
31/03/2021;7663257;6314598284;8822174;Internet;Orange
30/04/2021;7708051;5398085975;8820424;Internet;Orange
31/05/2021;7739675;6097081318;8800319;Internet;Orange
30/06/2021;7663257;6314598284;8822174;Internet;Orange
31/07/2021;7722828;7382153148;10676703;Internet;Orange
31/08/2021;7832961;8145816312;11293205;Internet;Orange
30/09/2021;7914474;8555569710;11810048;Internet;Orange
31/10/2021;7992441;9487606789;13178740;Internet;Orange
30/11/2021;7899865;9304643982;13271515;Internet;Orange
31/12/2021;7845679;9931419061;13746564;Internet;Orange
31/01/2022;6717178;10839203616;13310626;Internet;Orange
28/02/2022;7778358;10160807961;12283098;Internet;Orange
31/03/2022;7744421;11577191930;13520790;Internet;Orange
30/04/2022;7755591;11918993712;14084614;Internet;Orange
31/05/2022;8080042;13126006805;15308654;Internet;Orange
30/06/2022;8090987;13750756505;15841402;Internet;Orange
31/07/2022;7873382;15135961674;16770946;Internet;Orange
31/08/2022;7266056;15861911492;17203742;Internet;Orange
30/09/2022;7298414;15498992960;16815742;Internet;Orange
31/10/2022;7690548;15618747359;17670666;Internet;Orange
30/11/2022;7712742;15822068101;17652633;Internet;Orange
31/12/2022;7834303;16576124751;18163771;Internet;Orange
31/01/2023;7467294;17039267540;17891343;Internet;Orange
28/02/2023;7397252;15596353343;16227563;Internet;Orange
31/03/2023;8271663;16188768328;19871766;Internet;Orange
30/04/2023;8700885;16004554242;19735814;Internet;Orange
31/05/2023;9040440;17457088573;20551930;Internet;Orange
30/06/2023;9073148;17836293511;20433688;Internet;Orange
31/01/2018;13264208;2404045807;17015756;Internet;Tous_resaux
28/02/2018;13469765;2465778330;16520456;Internet;Tous_resaux
31/03/2018;14189389;2926658232;19424953;Internet;Tous_resaux
30/04/2018;13597710;3077179256;18990041;Internet;Tous_resaux
31/05/2018;13408666;3239826043;20047795;Internet;Tous_resaux
30/06/2018;13414013;3505502397;20038146;Internet;Tous_resaux
31/07/2018;13631381;3800874548;18659480;Internet;Tous_resaux
31/08/2018;13524528;4055155482;19726014;Internet;Tous_resaux
30/09/2018;13414013;4028359227;19057328;Internet;Tous_resaux
31/10/2018;13498251;4406958616;19943924;Internet;Tous_resaux
30/11/2018;13398101;4454201375;20010237;Internet;Tous_resaux
31/12/2018;13360051;4810306725;21305929;Internet;Tous_resaux
31/01/2019;9499501;2065933887;11081247;Internet;Tous_resaux
28/02/2019;12555718;4632790799;19789513;Internet;Tous_resaux
31/03/2019;14360368;5292274356;22762630;Internet;Tous_resaux
30/04/2019;13285314;5603840590;23706769;Internet;Tous_resaux
31/05/2019;13626406;6097828874;24421674;Internet;Tous_resaux
30/06/2019;15116636;6680081777;24816564;Internet;Tous_resaux
31/07/2019;15614924;7387442726;26673074;Internet;Tous_resaux
31/08/2019;15959342;7509250727;28385244;Internet;Tous_resaux
30/09/2019;16295271;7332910801;26472153;Internet;Tous_resaux
31/10/2019;16520573;9203557246;24954907;Internet;Tous_resaux
30/11/2019;16527575;9472628234;24393181;Internet;Tous_resaux
31/12/2019;18950021;10246614408;25551785;Internet;Tous_resaux
31/01/2020;17437525;9388350528;28000323;Internet;Tous_resaux
29/02/2020;17349187;9654203669;26531493;Internet;Tous_resaux
31/03/2020;19593240;12025805139;30036840;Internet;Tous_resaux
30/04/2020;19094346;12643297995;28520446;Internet;Tous_resaux
31/05/2020;17449908;12215696066;28406808;Internet;Tous_resaux
30/06/2020;17726065;13379396681;27688816;Internet;Tous_resaux
31/07/2020;19838449;14460674432;28446704;Internet;Tous_resaux
31/08/2020;20374617;14347956431;28645658;Internet;Tous_resaux
30/09/2020;20712601;14547470701;29364652;Internet;Tous_resaux
31/10/2020;20864820;15390956144;30699102;Internet;Tous_resaux
30/11/2020;20717152;15866037144;29917389;Internet;Tous_resaux
31/12/2020;20878176;18004154919;34116333;Internet;Tous_resaux
31/01/2021;21137916;19098077109;33060748;Internet;Tous_resaux
28/02/2021;26822149;17838591613;31350305;Internet;Tous_resaux
31/03/2021;22779328;22868142738;34654786;Internet;Tous_resaux
30/04/2021;22046625;20096276472;33201919;Internet;Tous_resaux
31/05/2021;22420309;22021850913;34522129;Internet;Tous_resaux
30/06/2021;22781328;22868142738;34654786;Internet;Tous_resaux
31/07/2021;22764197;24393393873;37034760;Internet;Tous_resaux
31/08/2021;23255210;26156167959;38679738;Internet;Tous_resaux
30/09/2021;23281184;26788380932;39624476;Internet;Tous_resaux
31/10/2021;23428854;28260849980;41731826;Internet;Tous_resaux
30/11/2021;23307668;28674420344;41325630;Internet;Tous_resaux
31/12/2021;23127061;30597448856;44320422;Internet;Tous_resaux
31/01/2022;22281932;33192028589;43436126;Internet;Tous_resaux
28/02/2022;23101080;30385428429;39807912;Internet;Tous_resaux
31/03/2022;23600845;34860437003;45608306;Internet;Tous_resaux
30/04/2022;23652874;35479285291;45878879;Internet;Tous_resaux
31/05/2022;23993809;37413080113;48493691;Internet;Tous_resaux
30/06/2022;22633052;39267258056;49853991;Internet;Tous_resaux
31/07/2022;22735246;42981416284;53136001;Internet;Tous_resaux
31/08/2022;22317041;44973470764;54499724;Internet;Tous_resaux
30/09/2022;22615726;44415551988;52934982;Internet;Tous_resaux
31/10/2022;26164140;46441437991;53487313;Internet;Tous_resaux
30/11/2022;26100010;45944277854;52531779;Internet;Tous_resaux
31/12/2022;25935100;49729323251;54585042;Internet;Tous_resaux
31/01/2023;25949409;52223165749;55022038;Internet;Tous_resaux
28/02/2023;26457694;49123252820;50747184;Internet;Tous_resaux
31/03/2023;28188471;48875814990;62019690;Internet;Tous_resaux
30/04/2023;28820389;50335516628;62421952;Internet;Tous_resaux
31/05/2023;29255021;54265137271;64932237;Internet;Tous_resaux
30/06/2023;29316947;56446545108;65222594;Internet;Tous_resaux
31/01/2018;6141328;618128397,6;6839169,139;Internet;Vodacom
28/02/2018;6236501;634001067,5;6640092,444;Internet;Vodacom
31/03/2018;6463897;752502534,7;7807501,417;Internet;Vodacom
30/04/2018;6194361;816030693,3;7461854,336;Internet;Vodacom
31/05/2018;6108243;859162652,6;7877483,048;Internet;Vodacom
30/06/2018;5513159;929616806;7873691,616;Internet;Vodacom
31/07/2018;5602497;1072085238;5997404,62;Internet;Vodacom
31/08/2018;5558581;1143808425;6340202,809;Internet;Vodacom
30/09/2018;5026230;1136250199;6125278,25;Internet;Vodacom
31/10/2018;5057794;1286979749;6357062,718;Internet;Vodacom
30/11/2018;5020268;1300776219;6378199,777;Internet;Vodacom
31/12/2018;5020707;1404770927;6791197,505;Internet;Vodacom
31/01/2019;3569912;605260569,2;3304365,273;Internet;Vodacom
28/02/2019;4718438;1357277507;5901121,014;Internet;Vodacom
31/03/2019;4749408;1550487656;6787687,713;Internet;Vodacom
30/04/2019;4393856;1728943087;7737186,67;Internet;Vodacom
31/05/2019;4506665;1881352424;7970510,47;Internet;Vodacom
30/06/2019;5659668;2060993889;8099390,86;Internet;Vodacom
31/07/2019;5846227;2183761686;9363246,448;Internet;Vodacom
31/08/2019;5975177;2219768685;9964282,146;Internet;Vodacom
30/09/2019;6014584;2167641801;9292715,663;Internet;Vodacom
31/10/2019;6097743;2106830295;7355869,194;Internet;Vodacom
30/11/2019;6100327;2168424621;7190291,219;Internet;Vodacom
31/12/2019;6330832;2345601497;7531808,8;Internet;Vodacom
31/01/2020;5825537;2237220882;7850842,158;Internet;Vodacom
29/02/2020;5796025;2300573032;7439005,748;Internet;Vodacom
31/03/2020;6593946;2865719840;8421848,911;Internet;Vodacom
30/04/2020;6440053;2966235814;7818230;Internet;Vodacom
31/05/2020;6596732;3341091894;7849150;Internet;Vodacom
30/06/2020;6531006;3667756655;7442698;Internet;Vodacom
31/07/2020;6578188;4011504770;7635953;Internet;Vodacom
31/08/2020;6819408;4131477592;7846929;Internet;Vodacom
30/09/2020;6912176;4281096393;8148248;Internet;Vodacom
31/10/2020;6986219;4549257166;8592982;Internet;Vodacom
30/11/2020;6871574;4435751655;8254841;Internet;Vodacom
31/12/2020;6850360;4998957828;8972964;Internet;Vodacom
31/01/2021;6911178;5363468431;9069196;Internet;Vodacom
28/02/2021;6701938;4918812356;8349857;Internet;Vodacom
31/03/2021;7206050;5958542629;8983186;Internet;Vodacom
30/04/2021;7120331;5443812744;9024309;Internet;Vodacom
31/05/2021;7140120;5581166892;9015013;Internet;Vodacom
30/06/2021;7208050;5958542629;8983186;Internet;Vodacom
31/07/2021;7315169;6450911411;9398911;Internet;Vodacom
31/08/2021;7458281;6992553307;9677573;Internet;Vodacom
30/09/2021;7350307;7357754703;10065846;Internet;Vodacom
31/10/2021;7303501;7784938913;10548074;Internet;Vodacom
30/11/2021;7156030;7915018853;10678796;Internet;Vodacom
31/12/2021;7309605;8654346191;11554751;Internet;Vodacom
31/01/2022;7259215;9132202008;11707781;Internet;Vodacom
28/02/2022;6891367;8108471023;10777132;Internet;Vodacom
31/03/2022;7326004;9421813369;12407870;Internet;Vodacom
30/04/2022;7343136;9509777314;12225067;Internet;Vodacom
31/05/2022;7394108;9509777314;12931717;Internet;Vodacom
30/06/2022;6150009;10651664685;13427530;Internet;Vodacom
31/07/2022;6654834;11560364225;14497956;Internet;Vodacom
31/08/2022;6666189;11609783577;14729208;Internet;Vodacom
30/09/2022;6713137;11384608950;13914501;Internet;Vodacom
31/10/2022;9856879;12040810655;13953450;Internet;Vodacom
30/11/2022;9611283;11507690998;12955377;Internet;Vodacom
31/12/2022;9563420;12315664832;13350256;Internet;Vodacom
31/01/2023;9711262;13585751817;14537824;Internet;Vodacom
28/02/2023;9809470;13179927170;13388034;Internet;Vodacom
31/03/2023;10360280;12315664832;17425458;Internet;Vodacom
30/04/2023;10525938;13876929908;17073463;Internet;Vodacom
31/05/2023;10517038;14291615224;17863248;Internet;Vodacom
30/06/2023;10315087;14773218072;18123571;Internet;Vodacom
31/01/2018;3446532;69177747,43;;Voix;Africell
28/02/2018;3467211;65596704,06;;Voix;Africell
31/03/2018;3513457;77395548,57;;Voix;Africell
30/04/2018;3593212;69424470,82;;Voix;Africell
31/05/2018;3646751;75186941,28;;Voix;Africell
30/06/2018;3713197;76698587,89;;Voix;Africell
31/07/2018;3753299;83354682,22;;Voix;Africell
31/08/2018;3831368;83756228,56;;Voix;Africell
30/09/2018;3867128;76503289,27;;Voix;Africell
31/10/2018;3906959;83943444,54;;Voix;Africell
30/11/2018;3942122;78603538,82;;Voix;Africell
31/12/2018;3922308;75165714,69;;Voix;Africell
31/01/2019;3857982;89107855,9;;Voix;Africell
28/02/2019;3819016;74328239,67;;Voix;Africell
31/03/2019;3786919;82471050,52;;Voix;Africell
30/04/2019;3802445;84069268,59;;Voix;Africell
31/05/2019;3801684;86269125,54;;Voix;Africell
30/06/2019;3810149;85572178,96;;Voix;Africell
31/07/2019;3871873;95867614,33;;Voix;Africell
31/08/2019;3940018;94362959,77;;Voix;Africell
30/09/2019;4012482;99073800,99;;Voix;Africell
31/10/2019;4031741;93166609,66;;Voix;Africell
30/11/2019;4025291;92015292,84;;Voix;Africell
31/12/2019;4022009;98717043,5;;Voix;Africell
31/01/2020;4014769;88675321,54;;Voix;Africell
29/02/2020;4001119;85463327,11;;Voix;Africell
31/03/2020;3978580;94722105,88;;Voix;Africell
30/04/2020;3958462;74989276;;Voix;Africell
31/05/2020;3921314;75455898;;Voix;Africell
30/06/2020;3910794;75276280;;Voix;Africell
31/07/2020;3965894;81343930;;Voix;Africell
31/08/2020;4010105;86458345;;Voix;Africell
30/09/2020;4041836;87175138;;Voix;Africell
31/10/2020;4049301;89519782;;Voix;Africell
30/11/2020;4096145;85176735;;Voix;Africell
31/12/2020;4199258;91097083;;Voix;Africell
31/01/2021;4236414;86996616;;Voix;Africell
28/02/2021;4245543;81165597;;Voix;Africell
31/03/2021;4156213;95331922;;Voix;Africell
30/04/2021;4108984;87168084;;Voix;Africell
31/05/2021;4088199;94447576;;Voix;Africell
30/06/2021;4124999;95331922;;Voix;Africell
31/07/2021;4108984;87168084;;Voix;Africell
31/08/2021;4088199;94447576;;Voix;Africell
30/09/2021;4457192;101743989;;Voix;Africell
31/10/2021;4418811;90092729;;Voix;Africell
30/11/2021;4410125;75766875;;Voix;Africell
31/12/2021;4562498;89780406;;Voix;Africell
31/01/2022;4575231;77431205;;Voix;Africell
28/02/2022;4598772;74632377;;Voix;Africell
31/03/2022;4479504;85735144;;Voix;Africell
30/04/2022;3731719;86900349;;Voix;Africell
31/05/2022;3642799;84136640;;Voix;Africell
30/06/2022;3564179;88089326;;Voix;Africell
31/07/2022;4530066;92102227;;Voix;Africell
31/08/2022;4511916;92996656;;Voix;Africell
30/09/2022;4189732;68158000;;Voix;Africell
31/10/2022;3933076;65567116;;Voix;Africell
30/11/2022;3823695;62854764;;Voix;Africell
31/12/2022;3828030;66362964;;Voix;Africell
31/01/2023;3731719;58882460;;Voix;Africell
28/02/2023;3642799;51273360;;Voix;Africell
31/03/2023;3564179;52822564;;Voix;Africell
30/04/2023;3540169;49452968;;Voix;Africell
31/05/2023;3572638;52651664;;Voix;Africell
30/06/2023;3612335;51252836;;Voix;Africell
31/01/2018;9442439;288211351,5;;Voix;Airtel
28/02/2018;9576521;273291852,3;;Voix;Airtel
31/03/2018;9709205;322448713,4;;Voix;Airtel
30/04/2018;8229522;347726479,4;;Voix;Airtel
31/05/2018;8295358;376588976,2;;Voix;Airtel
30/06/2018;8241268;384160363,4;;Voix;Airtel
31/07/2018;8226433;399632784;;Voix;Airtel
31/08/2018;8256048;401557943,8;;Voix;Airtel
30/09/2018;8147744;366784704,4;;Voix;Airtel
31/10/2018;8090709;338086218,5;;Voix;Airtel
30/11/2018;8056728;316579494;;Voix;Airtel
31/12/2018;8069969;302733493,7;;Voix;Airtel
31/01/2019;7986041;249134095,5;;Voix;Airtel
28/02/2019;7932534;207812190,9;;Voix;Airtel
31/03/2019;7865154;230578441,9;;Voix;Airtel
30/04/2019;8340995;212076418,3;;Voix;Airtel
31/05/2019;8330986;217625863,3;;Voix;Airtel
30/06/2019;8368434;215867718,6;;Voix;Airtel
31/07/2019;8473876;227025516,9;;Voix;Airtel
31/08/2019;8570478;223462322,2;;Voix;Airtel
30/09/2019;8708282;234618135,1;;Voix;Airtel
31/10/2019;8856322;224679687,4;;Voix;Airtel
30/11/2019;9095443;221903183;;Voix;Airtel
31/12/2019;9300570;238065059,6;;Voix;Airtel
31/01/2020;9470770;215178427,9;;Voix;Airtel
29/02/2020;9656397;207384242,3;;Voix;Airtel
31/03/2020;9723260;229851479,2;;Voix;Airtel
30/04/2020;9718715;206755242;;Voix;Airtel
31/05/2020;9820543;217560365;;Voix;Airtel
30/06/2020;9890014;219004967;;Voix;Airtel
31/07/2020;10113043;239663611;;Voix;Airtel
31/08/2020;10307184;250327665;;Voix;Airtel
30/09/2020;10465370;256373966;;Voix;Airtel
31/10/2020;10526650;270215790;;Voix;Airtel
30/11/2020;10543238;255945618;;Voix;Airtel
31/12/2020;10583837;279284773;;Voix;Airtel
31/01/2021;10658563;267658024;;Voix;Airtel
28/02/2021;10908722;255513463;;Voix;Airtel
31/03/2021;11265306;375403968;;Voix;Airtel
30/04/2021;11671155;318237507;;Voix;Airtel
31/05/2021;12069710;349057336;;Voix;Airtel
30/06/2021;12517987;375403968;;Voix;Airtel
31/07/2021;13018105;353375457;;Voix;Airtel
31/08/2021;13245308;351081456;;Voix;Airtel
30/09/2021;13410521;337513326;;Voix;Airtel
31/10/2021;13501438;345700785;;Voix;Airtel
30/11/2021;13519679;341271689;;Voix;Airtel
31/12/2021;13386208;372681758;;Voix;Airtel
31/01/2022;13333032;354388520;;Voix;Airtel
28/02/2022;13483130;332334650;;Voix;Airtel
31/03/2022;13534448;377554671;;Voix;Airtel
30/04/2022;13534302;380219301;;Voix;Airtel
31/05/2022;13354790;402722659;;Voix;Airtel
30/06/2022;13235968;389129718;;Voix;Airtel
31/07/2022;12677448;404671072;;Voix;Airtel
31/08/2022;12708922;406136782;;Voix;Airtel
30/09/2022;12958149;393401918;;Voix;Airtel
31/10/2022;13211762;410309962;;Voix;Airtel
30/11/2022;13609832;393155834;;Voix;Airtel
31/12/2022;13934147;427902862;;Voix;Airtel
31/01/2023;14149178;401770336;;Voix;Airtel
28/02/2023;14461896;366795307;;Voix;Airtel
31/03/2023;14763426;389507159;;Voix;Airtel
30/04/2023;15029933;385280243;;Voix;Airtel
31/05/2023;15186568;417194499;;Voix;Airtel
30/06/2023;15408021;404414168;;Voix;Airtel
31/01/2018;10630360;386859912,6;;Voix;Orange
28/02/2018;10673945;366833788,9;;Voix;Orange
31/03/2018;10853402;432815988,8;;Voix;Orange
30/04/2018;10904412;399966479,2;;Voix;Orange
31/05/2018;10993829;433165076,1;;Voix;Orange
30/06/2018;11190511;441873935,7;;Voix;Orange
31/07/2018;11263249;486478067,9;;Voix;Orange
31/08/2018;11365744;488821589,4;;Voix;Orange
30/09/2018;11454837;446491683;;Voix;Orange
31/10/2018;11561366;462528478;;Voix;Orange
30/11/2018;11618017;433105591,2;;Voix;Orange
31/12/2018;11648338;414163176,2;;Voix;Orange
31/01/2019;10761899;295838430,6;;Voix;Orange
28/02/2019;10829699;246770046,9;;Voix;Orange
31/03/2019;10855166;273804210,8;;Voix;Orange
30/04/2019;10297210;277133728,6;;Voix;Orange
31/05/2019;10329131;284385541;;Voix;Orange
30/06/2019;10522023;282088061,7;;Voix;Orange
31/07/2019;10710367;311729545,9;;Voix;Orange
31/08/2019;10766061;306836910,5;;Voix;Orange
30/09/2019;10783477;322154996,9;;Voix;Orange
31/10/2019;10814749;324949146,9;;Voix;Orange
30/11/2019;10430825;320933551,4;;Voix;Orange
31/12/2019;10398435;344308107,7;;Voix;Orange
31/01/2020;10587686;317393277,7;;Voix;Orange
29/02/2020;10659682;305896669,4;;Voix;Orange
31/03/2020;10529136;339036376;;Voix;Orange
30/04/2020;10607058;290558718;;Voix;Orange
31/05/2020;10457582;308516473;;Voix;Orange
30/06/2020;10834808;303220034;;Voix;Orange
31/07/2020;11030032;307838685;;Voix;Orange
31/08/2020;11012630;281243643;;Voix;Orange
30/09/2020;10918424;279576027;;Voix;Orange
31/10/2020;10917776;282388707;;Voix;Orange
30/11/2020;10918977;275848567;;Voix;Orange
31/12/2020;11197168;280302485;;Voix;Orange
31/01/2021;11132428;272052942;;Voix;Orange
28/02/2021;11071267;278911846;;Voix;Orange
31/03/2021;10994434;364856576;;Voix;Orange
30/04/2021;11709020;319900152;;Voix;Orange
31/05/2021;12148908;342980370;;Voix;Orange
30/06/2021;12607078;364856576;;Voix;Orange
31/07/2021;12562382;397998891;;Voix;Orange
31/08/2021;12719781;401387437;;Voix;Orange
30/09/2021;12551565;408573717;;Voix;Orange
31/10/2021;12567227;424039613;;Voix;Orange
30/11/2021;12918464;397651309;;Voix;Orange
31/12/2021;13063770;426698707;;Voix;Orange
31/01/2022;13315252;416638682;;Voix;Orange
28/02/2022;13167250;384896260;;Voix;Orange
31/03/2022;13119976;422275721;;Voix;Orange
30/04/2022;13193099;441890857;;Voix;Orange
31/05/2022;13451618;459325535;;Voix;Orange
30/06/2022;14057409;390315845;;Voix;Orange
31/07/2022;14341198;428147128;;Voix;Orange
31/08/2022;14775681;440655020;;Voix;Orange
30/09/2022;15193132;409875102;;Voix;Orange
31/10/2022;15366822;397806836;;Voix;Orange
30/11/2022;15306374;390724368;;Voix;Orange
31/12/2022;15169420;398979335;;Voix;Orange
31/01/2023;14729630;376877485;;Voix;Orange
28/02/2023;14487337;326478108;;Voix;Orange
31/03/2023;14247889;327710362;;Voix;Orange
30/04/2023;14344850;312305675;;Voix;Orange
31/05/2023;14792603;366489811;;Voix;Orange
30/06/2023;14836612;367690085;;Voix;Orange
31/01/2018;35166799;1155861256;70262264;Voix;Tous_resaux
28/02/2018;35430844;1096027141;64892090;Voix;Tous_resaux
31/03/2018;35896672;1293168964;72030818;Voix;Tous_resaux
30/04/2018;34717366;1246013164;69452416;Voix;Tous_resaux
31/05/2018;35065628;1349436553;74690013;Voix;Tous_resaux
30/06/2018;35423619;1376567211;73908543;Voix;Tous_resaux
31/07/2018;35676222;1466629393;76658891;Voix;Tous_resaux
31/08/2018;36062626;1473694619;76810243;Voix;Tous_resaux
30/09/2018;36270268;1346078825;73804701;Voix;Tous_resaux
31/10/2018;36493817;1372152138;74378483;Voix;Tous_resaux
30/11/2018;36588037;1284865238;71095203;Voix;Tous_resaux
31/12/2018;36470600;1228670049;81027670;Voix;Tous_resaux
31/01/2019;35049762;1058292175;86430840;Voix;Tous_resaux
28/02/2019;34918034;882761611;71741756;Voix;Tous_resaux
31/03/2019;34687500;979469953;79238415;Voix;Tous_resaux
30/04/2019;34734341;955671248;75102018;Voix;Tous_resaux
31/05/2019;34626496;980678484;77137707;Voix;Tous_resaux
30/06/2019;35048390;972755829;75998350;Voix;Tous_resaux
31/07/2019;35615633;1049691801;83334061;Voix;Tous_resaux
31/08/2019;36065903;1033216753;84534153;Voix;Tous_resaux
30/09/2019;36481836;1084797586;80664429;Voix;Tous_resaux
31/10/2019;36776842;1103821353;83441676;Voix;Tous_resaux
30/11/2019;36766159;1090180757;80063218;Voix;Tous_resaux
31/12/2019;37123208;1169581902;85674443;Voix;Tous_resaux
31/01/2020;37248354;1075265864;81219011;Voix;Tous_resaux
29/02/2020;37713459;1036317621;77481230;Voix;Tous_resaux
31/03/2020;38073115;1148588415;81129647;Voix;Tous_resaux
30/04/2020;38085951;1002559722;69781396;Voix;Tous_resaux
31/05/2020;38013634;1049094418;73179331;Voix;Tous_resaux
30/06/2020;38545029;1042505922;71565056;Voix;Tous_resaux
31/07/2020;39209513;1099667597;77221029;Voix;Tous_resaux
31/08/2020;39641714;1101302393;80665227;Voix;Tous_resaux
30/09/2020;39895672;1111574675;82043145;Voix;Tous_resaux
31/10/2020;40103887;1139850033;84280254;Voix;Tous_resaux
30/11/2020;40276430;1084194041;79099495;Voix;Tous_resaux
31/12/2020;40798396;1157354374;85091587;Voix;Tous_resaux
31/01/2021;40931505;1112833819;79177182;Voix;Tous_resaux
28/02/2021;41287708;1071561788;74231027;Voix;Tous_resaux
31/03/2021;41595482;1346624521;81616569;Voix;Tous_resaux
30/04/2021;42741283;1209083860;84905306;Voix;Tous_resaux
31/05/2021;43684133;1284670154;85197776;Voix;Tous_resaux
30/06/2021;44786510;1346624521;84098856;Voix;Tous_resaux
31/07/2021;45510921;1346375882;84195251;Voix;Tous_resaux
31/08/2021;46386505;1363974508;84195251;Voix;Tous_resaux
30/09/2021;47199091;1367084273;84098856;Voix;Tous_resaux
31/10/2021;47534663;1374597467;87141980;Voix;Tous_resaux
30/11/2021;46847064;1302514796;86236208;Voix;Tous_resaux
31/12/2021;46885799;1410812337;86236208;Voix;Tous_resaux
31/01/2022;46924530;1344577578;88135252;Voix;Tous_resaux
28/02/2022;46821927;1238785046;80514486;Voix;Tous_resaux
31/03/2022;46645908;1394628212;91082999;Voix;Tous_resaux
30/04/2022;46159453;1410816888;88194581;Voix;Tous_resaux
31/05/2022;46358130;1487757262;93397596;Voix;Tous_resaux
30/06/2022;46876984;1369542536;92139962;Voix;Tous_resaux
31/07/2022;47650901;1455282356;96470385;Voix;Tous_resaux
31/08/2022;48071820;1473943685;96170766;Voix;Tous_resaux
30/09/2022;48449966;1364168505;91709052;Voix;Tous_resaux
31/10/2022;48852709;1364231404;89567721;Voix;Tous_resaux
30/11/2022;49295523;1327176751;84380319;Voix;Tous_resaux
31/12/2022;49844134;1415467317;92541806;Voix;Tous_resaux
31/01/2023;52618874;1349023894;84910953;Voix;Tous_resaux
28/02/2023;53075456;1213878682;78283964;Voix;Tous_resaux
31/03/2023;53674957;1292262241;89232791;Voix;Tous_resaux
30/04/2023;52618874;1187789221;81559596;Voix;Tous_resaux
31/05/2023;53075456;1310069602;84737201;Voix;Tous_resaux
30/06/2023;53674957;1277909160;83140273;Voix;Tous_resaux
31/01/2018;11638542;411612244,4;;Voix;Vodacom
28/02/2018;11703717;390304795,7;;Voix;Vodacom
31/03/2018;11820608;460508713,2;;Voix;Vodacom
30/04/2018;11989642;428895734,6;;Voix;Vodacom
31/05/2018;12128722;464495559,5;;Voix;Vodacom
30/06/2018;12278643;473834323,9;;Voix;Vodacom
31/07/2018;12433353;497163858,8;;Voix;Vodacom
31/08/2018;12609907;499558857,2;;Voix;Vodacom
30/09/2018;12800559;456299148,3;;Voix;Vodacom
31/10/2018;12934964;487593997;;Voix;Vodacom
30/11/2018;12971182;456576614;;Voix;Vodacom
31/12/2018;12829985;436607664,4;;Voix;Vodacom
31/01/2019;12443802;424211793;;Voix;Vodacom
28/02/2019;12336785;353851133,6;;Voix;Vodacom
31/03/2019;12180261;392616249,8;;Voix;Vodacom
30/04/2019;12293537;382391832,5;;Voix;Vodacom
31/05/2019;12164455;392397954,2;;Voix;Vodacom
30/06/2019;12347784;389227869,7;;Voix;Vodacom
31/07/2019;12977520;415069123,8;;Voix;Vodacom
31/08/2019;12789346;408554560,5;;Voix;Vodacom
30/09/2019;12977595;428950653,1;;Voix;Vodacom
31/10/2019;13215084;461025909;;Voix;Vodacom
30/11/2019;13215084;455328729,7;;Voix;Vodacom
31/12/2019;13402194;488491691,2;;Voix;Vodacom
31/01/2020;13513432;454018836,8;;Voix;Vodacom
29/02/2020;13625593;437573382,2;;Voix;Vodacom
31/03/2020;13765935;484978453,8;;Voix;Vodacom
30/04/2020;13801716;430256486;;Voix;Vodacom
31/05/2020;13814195;447561682;;Voix;Vodacom
30/06/2020;13909413;445004641;;Voix;Vodacom
31/07/2020;14100544;470821371;;Voix;Vodacom
31/08/2020;14311795;483272740;;Voix;Vodacom
30/09/2020;14470042;488449544;;Voix;Vodacom
31/10/2020;14610160;497725754;;Voix;Vodacom
30/11/2020;14718070;467223121;;Voix;Vodacom
31/12/2020;14818133;506670033;;Voix;Vodacom
31/01/2021;14904100;486126237;;Voix;Vodacom
28/02/2021;15062176;455970882;;Voix;Vodacom
31/03/2021;15179529;511032055;;Voix;Vodacom
30/04/2021;15252124;483778117;;Voix;Vodacom
31/05/2021;15377316;498184872;;Voix;Vodacom
30/06/2021;15536446;511032055;;Voix;Vodacom
31/07/2021;15821450;507833450;;Voix;Vodacom
31/08/2021;16333217;517058039;;Voix;Vodacom
30/09/2021;16779813;519253241;;Voix;Vodacom
31/10/2021;17047187;514764340;;Voix;Vodacom
30/11/2021;15998796;487824923;;Voix;Vodacom
31/12/2021;15873323;521651466;;Voix;Vodacom
31/01/2022;15701015;496119171;;Voix;Vodacom
28/02/2022;15572775;446921759;;Voix;Vodacom
31/03/2022;15511980;509062676;;Voix;Vodacom
30/04/2022;15700333;501806381;;Voix;Vodacom
31/05/2022;15908923;541572428;;Voix;Vodacom
30/06/2022;16019428;502007647;;Voix;Vodacom
31/07/2022;16102189;530361929;;Voix;Vodacom
31/08/2022;16075301;534155227;;Voix;Vodacom
30/09/2022;16108953;492733485;;Voix;Vodacom
31/10/2022;16341049;490547490;;Voix;Vodacom
30/11/2022;16555622;480441785;;Voix;Vodacom
31/12/2022;16912537;522222156;;Voix;Vodacom
31/01/2023;20008347;511493613;;Voix;Vodacom
28/02/2023;20483424;469331907;;Voix;Vodacom
31/03/2023;21099463;522222156;;Voix;Vodacom
30/04/2023;21430955;440750335;;Voix;Vodacom
31/05/2023;21819101;473733628;;Voix;Vodacom
30/06/2023;21925011;454552070;;Voix;Vodacom