date;Parc;Usage;Revenu
01/01/2021;5178;10444,69;615,66
02/01/2021;3808;7669,21;473,96
03/01/2021;3527;7099,51;437,71
04/01/2021;3932;7920,7;486,31
05/01/2021;4149;8360,29;514,61
06/01/2021;4146;8353,91;509,29
07/01/2021;4106;8273,36;503,88
08/01/2021;4200;8463,69;512,1
09/01/2021;4110;8281,02;504,59
10/01/2021;3687;7423,07;447,38
11/01/2021;4113;8285,86;506,37
12/01/2021;4152;8365,9;506,01
13/01/2021;4157;8376,61;500,05
14/01/2021;4065;8190,3;494,6
15/01/2021;4131;8322,97;500,85
16/01/2021;5136;10359,46;479,97
17/01/2021;4642;9358,12;418,57
18/01/2021;4322;8710,15;467,24
19/01/2021;4167;8396,57;489,51
20/01/2021;4233;8529,56;493,09
21/01/2021;4108;8277,21;474,32
22/01/2021;4034;8126,01;474,22
23/01/2021;4009;8076,27;471,99
24/01/2021;3579;7204,67;414,08
25/01/2021;4024;8106,8;482,88
26/01/2021;4102;8265,04;486,1
27/01/2021;4077;8213,9;482,97
28/01/2021;4077;8213,07;487,47
29/01/2021;4149;8360,31;493,79
30/01/2021;3876;7805,95;454,32
31/01/2021;3650;7348,51;440,45
01/02/2021;4233;8529,6;508,78
02/02/2021;4318;8701,99;509,65
03/02/2021;4317;8699,89;502,78
04/02/2021;4246;8555,59;500,42
05/02/2021;4336;8738,7;513,2
06/02/2021;4226;8515,66;500,1
07/02/2021;3848;7749,96;444,52
08/02/2021;4457;8983,39;516,5
09/02/2021;4180;8421,41;498,58
10/02/2021;4284;8633,95;507,61
11/02/2021;4246;8556,59;504,41
12/02/2021;4169;8399,29;503,27
13/02/2021;4098;8256,07;495,35
14/02/2021;3745;7541,48;452,07
15/02/2021;4181;8425,1;506,24
16/02/2021;4147;8356,46;496,19
17/02/2021;4130;8320,38;490,84
18/02/2021;4016;8089,55;485,53
19/02/2021;3877;7809,15;464,49
20/02/2021;4266;8595,96;481,62
21/02/2021;3737;7523,73;422,21
22/02/2021;4215;8493,55;497,57
23/02/2021;4166;8393,13;483,23
24/02/2021;4095;8249,65;475,7
25/02/2021;4131;8322,7;483,58
26/02/2021;4199;8460,45;490,06
27/02/2021;4146;8353,1;501,09
28/02/2021;3752;7554,37;443,94
01/03/2021;4186;8433,85;507,39
02/03/2021;3895;7844,84;465,74
03/03/2021;4137;8335,47;508,75
04/03/2021;3439;6920,3;425,77
05/03/2021;2516;5051,46;365,96
06/03/2021;3882;7818,1;481,03
07/03/2021;3744;7538,38;428,99
08/03/2021;4272;8609,09;519,12
09/03/2021;4258;8581,2;505,37
10/03/2021;4227;8517,65;501,8
11/03/2021;4155;8371,8;500,03
12/03/2021;4169;8401,05;497,05
13/03/2021;4258;8581,3;512,92
14/03/2021;3817;7686,09;448,21
15/03/2021;4252;8568,43;506,53
16/03/2021;3925;7905,47;456,77
17/03/2021;4341;8747,82;506,15
18/03/2021;4204;8470,73;489,53
19/03/2021;4217;8497,3;504,27
20/03/2021;4301;8667,42;504,86
21/03/2021;3847;7747,29;438,89
22/03/2021;4265;8594,45;502,09
23/03/2021;4332;8731,14;498,53
24/03/2021;4249;8561,57;482,99
25/03/2021;4304;8672,69;500,18
26/03/2021;4308;8681,85;495,44
27/03/2021;4365;8797,31;507,1
28/03/2021;3858;7770,12;438,03
29/03/2021;4344;8753,68;503,95
30/03/2021;4346;8759,56;502,66
31/03/2021;4297;8659,5;496,46
01/04/2021;4550;9172,88;522,03
02/04/2021;4451;8971,62;508,07
03/04/2021;4436;8941,88;519,05
04/04/2021;4002;8061,37;461,71
05/04/2021;4388;8843,42;526,99
06/04/2021;4329;8725,02;523,06
07/04/2021;4348;8763,33;518,08
08/04/2021;4557;9185,97;522,39
09/04/2021;4625;9324,38;516,92
10/04/2021;4629;9332,01;517,62
11/04/2021;4240;8542,99;466,5
12/04/2021;4437;8942,5;516,26
13/04/2021;4558;9187,62;501,51
14/04/2021;4482;9033,66;508,38
15/04/2021;4499;9068,85;509,06
16/04/2021;4416;8899,57;506,54
17/04/2021;4366;8799,69;517,46
18/04/2021;3841;7735,6;440,6
19/04/2021;4293;8652,25;501,26
20/04/2021;4367;8800,48;508,69
21/04/2021;4252;8568,97;480,25
22/04/2021;4412;8891,61;503,48
23/04/2021;4557;9186,3;488,2
24/04/2021;4710;9496,68;511,11
25/04/2021;4301;8667,33;453,32
26/04/2021;4599;9271,83;510,98
27/04/2021;4655;9385;495,26
28/04/2021;5114;10314,22;507,14
29/04/2021;4696;9466,86;514,25
30/04/2021;4676;9426,3;519,54
01/05/2021;4541;9153,83;488,97
02/05/2021;4200;8462,36;456,96
03/05/2021;4492;9053,9;521,7
04/05/2021;4583;9238,57;534,88
05/05/2021;4454;8978,17;512,85
06/05/2021;4384;8835,2;522,57
07/05/2021;4286;8636,28;515,04
08/05/2021;4191;8445,17;513,2
09/05/2021;3750;7550,48;449,92
10/05/2021;4405;8877,2;497,94
11/05/2021;4454;8977,15;480,62
12/05/2021;4603;9279,72;504,02
13/05/2021;4603;9278,77;504,67
14/05/2021;4561;9195,13;500,02
15/05/2021;4792;9662,46;520,07
16/05/2021;4357;8780,23;459,37
17/05/2021;4561;9194,45;493,82
18/05/2021;4707;9490,57;511,5
19/05/2021;4732;9539,75;507,82
20/05/2021;4817;9712,89;514,03
21/05/2021;4846;9772,16;514,64
22/05/2021;4951;9983,92;529,24
23/05/2021;4519;9109,9;455,43
24/05/2021;4811;9701,4;517,88
25/05/2021;4894;9868,53;515,33
26/05/2021;4955;9992,33;509,5
27/05/2021;5136;10358,94;532,51
28/05/2021;5082;10249,81;526,04
29/05/2021;4997;10076,84;517,53
30/05/2021;4569;9209,94;459,69
31/05/2021;5002;10087,59;530,66
01/06/2021;5158;10404,58;525,33
02/06/2021;5082;10250,08;526,84
03/06/2021;5215;10518,73;536,23
04/06/2021;5151;10389,48;533,95
05/06/2021;5155;10398,09;528,71
06/06/2021;4758;9593,33;467,62
07/06/2021;5186;10460,73;543,16
08/06/2021;5206;10501,38;535,47
09/06/2021;5274;10639,73;530,98
10/06/2021;5277;10645,39;529,93
11/06/2021;5290;10671,26;530,23
12/06/2021;5154;10395,16;524,93
13/06/2021;4728;9531,77;468,81
14/06/2021;5157;10402,64;533,92
15/06/2021;5212;10512,34;521,33
16/06/2021;5169;10426,28;521,64
17/06/2021;5175;10437,27;523,47
18/06/2021;4940;9961,88;470,33
19/06/2021;4546;9163,98;542,31
20/06/2021;4778;9634,42;473,17
21/06/2021;5145;10376,5;543,33
22/06/2021;5496;11087,68;530,6
23/06/2021;5391;10876,31;529,32
24/06/2021;5270;10631,16;532,79
25/06/2021;5504;11104,1;540,15
26/06/2021;5481;11058,92;529,76
27/06/2021;4701;9477,25;448,73
28/06/2021;5021;10125,47;524,47
29/06/2021;5473;11042,4;541,06
30/06/2021;5352;10797,77;514,62
01/07/2021;5259;10607,7;533,63
02/07/2021;5387;10867,19;527,34
03/07/2021;5488;11072,73;533,33
04/07/2021;4908;9898,16;470,55
05/07/2021;5366;10825,99;542,92
06/07/2021;5418;10930,78;535,38
07/07/2021;5433;10960,49;534,94
08/07/2021;5406;10905,73;534,81
09/07/2021;5503;11102,32;553,64
10/07/2021;5570;11238,3;558,01
11/07/2021;5074;10233,5;489,64
12/07/2021;5567;11232,99;562,26
13/07/2021;5493;11082,64;547,06
14/07/2021;5486;11069,16;542,43
15/07/2021;5389;10871,5;535,77
16/07/2021;5553;11203,56;544,44
17/07/2021;5506;11108,92;531,86
18/07/2021;5036;10157,49;473,3
19/07/2021;5411;10916,01;537,02
20/07/2021;5482;11059,24;527,94
21/07/2021;5481;11058,14;524,94
22/07/2021;5590;11278,38;524,06
23/07/2021;5586;11271,25;521,78
24/07/2021;5553;11203,47;518,76
25/07/2021;5120;10326,75;453,28
26/07/2021;5508;11112,69;515,43
27/07/2021;5679;11459,19;517,52
28/07/2021;5705;11513,01;516,69
29/07/2021;5938;11983,34;504,25
30/07/2021;5906;11919,82;522,19
31/07/2021;5466;11027,56;523,41
01/08/2021;5007;10097,07;458,67
02/08/2021;5366;10824,27;518,42
03/08/2021;5589;11276,5;526,47
04/08/2021;5613;11324,89;537,73
05/08/2021;5537;11172,34;531,42
06/08/2021;5199;10487,62;493,31
07/08/2021;5020;10124,67;517,43
08/08/2021;4903;9887,15;461,22
09/08/2021;5246;10582,43;528,59
10/08/2021;5455;11004,91;528,1
11/08/2021;5564;11226,97;523,49
12/08/2021;5475;11045,25;513,99
13/08/2021;5523;11143,46;521,11
14/08/2021;5522;11141,27;517,17
15/08/2021;5184;10456,64;461,77
16/08/2021;5678;11456,7;538,93
17/08/2021;5781;11666,1;527,61
18/08/2021;5646;11393,27;521,02
19/08/2021;5609;11317,26;526,87
20/08/2021;5798;11700,65;521,54
21/08/2021;5583;11265,15;509,18
22/08/2021;5229;10547,69;463,76
23/08/2021;5763;11629,61;538,53
24/08/2021;5606;11311,96;523,97
25/08/2021;5551;11200,97;522,69
26/08/2021;5589;11276,25;515,13
27/08/2021;5532;11161,2;526,24
28/08/2021;5837;11779,16;535,69
29/08/2021;5423;10940,55;483,89
30/08/2021;5655;11411,34;526,78
31/08/2021;5560;11218,98;549,61
01/09/2021;5890;11886,77;545,96
02/09/2021;5796;11695,67;545,99
03/09/2021;5880;11867,11;562,24
04/09/2021;5911;11929,73;561,8
05/09/2021;5464;11023,4;500,84
06/09/2021;6017;12144,06;579,17
07/09/2021;6001;12111,85;566,87
08/09/2021;6130;12373,91;578,52
09/09/2021;6006;12121,77;566,16
10/09/2021;5946;11999,73;567,66
11/09/2021;5796;11695,5;554,21
12/09/2021;5320;10731,13;498,59
13/09/2021;5904;11915,83;586,49
14/09/2021;5906;11920,26;569,29
15/09/2021;5804;11711,77;550,41
16/09/2021;5684;11469,79;542,14
17/09/2021;5935;11977,29;550,86
18/09/2021;5823;11751,99;539,12
19/09/2021;5189;10466,85;465,59
20/09/2021;5918;11942,95;568,44
21/09/2021;5942;11992,76;542,48
22/09/2021;5949;12006,72;530,61
23/09/2021;5739;11581,14;531,14
24/09/2021;5924;11955,6;543,79
25/09/2021;5858;11822,42;529,55
26/09/2021;5235;10559,34;466,66
27/09/2021;5663;11427,38;541,51
28/09/2021;5949;12005,94;541,78
29/09/2021;5929;11965,83;543,16
30/09/2021;5932;11972,45;543,95
01/10/2021;6009;12128,95;553,11
02/10/2021;5956;12021,03;565,33
03/10/2021;5438;10971,53;491,29
04/10/2021;6049;12208,1;593,33
05/10/2021;6583;13291,62;562,44
06/10/2021;6390;12899,46;583,38
07/10/2021;6081;12274,42;558,44
08/10/2021;6169;12453,12;579,09
09/10/2021;6258;12632,79;577,93
10/10/2021;5850;11806,46;501,09
11/10/2021;5966;12039,85;562,82
12/10/2021;5901;11909,93;580,47
13/10/2021;6147;12408,23;578,29
14/10/2021;6175;12464,57;559,62
15/10/2021;6509;13140,94;543,35
16/10/2021;6285;12687,16;539,73
17/10/2021;5754;11610,27;485,57
18/10/2021;5714;11529,58;554,05
19/10/2021;5798;11700,92;529,43
20/10/2021;5761;11625,93;529,72
21/10/2021;5647;11394,79;527,97
22/10/2021;5799;11701,82;520,11
23/10/2021;5772;11647,31;527,49
24/10/2021;5231;10551,08;454,95
25/10/2021;5516;11130,01;536,42
26/10/2021;5669;11439,44;532,23
27/10/2021;5703;11507,8;515,04
28/10/2021;5771;11646,35;540,8
29/10/2021;5502;11101,3;535,03
30/10/2021;6126;12365,53;552,33
31/10/2021;5319;10728,92;460,74
01/11/2021;5440;10974,08;555,35
02/11/2021;5774;11652,17;561,93
03/11/2021;5705;11512,44;554,47
04/11/2021;5765;11633,77;569,34
05/11/2021;5790;11684,1;570,23
06/11/2021;5884;11874,19;573,74
07/11/2021;5633;11366,17;502,31
08/11/2021;6101;12314,96;606,17
09/11/2021;6009;12128,67;581,01
10/11/2021;5948;12005,08;572,04
11/11/2021;5787;11678,1;554,85
12/11/2021;5961;12031,28;562,73
13/11/2021;5721;11545,33;530,32
14/11/2021;5315;10721,87;492,22
15/11/2021;5781;11665,97;578,01
16/11/2021;5555;11208,45;534,06
17/11/2021;5622;11344,71;554,77
18/11/2021;5793;11691,12;559,41
19/11/2021;5783;11670,87;559,09
20/11/2021;5885;11876,76;561,57
21/11/2021;5161;10410,45;486,81
22/11/2021;5232;10552,68;545,92
23/11/2021;5720;11541,5;556,63
24/11/2021;5639;11377,73;540,93
25/11/2021;5515;11127,18;538,11
26/11/2021;5952;12011,75;554,93
27/11/2021;5880;11866,72;533,6
28/11/2021;5517;11131,35;484,44
29/11/2021;5915;11938,27;573,39
30/11/2021;5995;12098,51;575,3
01/12/2021;5853;11812,32;547,78
02/12/2021;5889;11885,02;572,84
03/12/2021;5791;11685,51;567,78
04/12/2021;5779;11661,1;562,04
05/12/2021;5560;11219,11;520,75
06/12/2021;6045;12201,62;615,23
07/12/2021;5973;12054,72;581,68
08/12/2021;5914;11935,27;566,65
09/12/2021;5511;11118,82;523,43
10/12/2021;5999;12106,79;590,29
11/12/2021;5919;11944,75;559,79
12/12/2021;5348;10788,79;496,2
13/12/2021;5810;11725,21;590,66
14/12/2021;5941;11989,43;579,04
15/12/2021;5734;11571,23;561,52
16/12/2021;5572;11241,68;547,57
17/12/2021;5915;11937,64;582,57
18/12/2021;6049;12208,15;590,65
19/12/2021;5491;11077,92;506,51
20/12/2021;5721;11544,15;565,15
21/12/2021;5864;11833,87;588,91
22/12/2021;6074;12259,45;599,77
23/12/2021;6088;12288,16;606,16
24/12/2021;6507;13136,41;654,17
25/12/2021;6648;13422,65;614,12
26/12/2021;5311;10712,88;516,88
27/12/2021;5909;11925,99;605,85
28/12/2021;6090;12292,37;625,11
29/12/2021;6403;12926,82;639,17
30/12/2021;6604;13332,5;677,6
31/12/2021;6535;13192,93;756,92
01/01/2022;6667;15285,41;675,28
02/01/2022;6648;10420,98;499,35
03/01/2022;6614;11241,81;576,49
04/01/2022;6631;10964,46;542
05/01/2022;6615;11678,1;592,25
06/01/2022;6617;11641,98;595,53
07/01/2022;6615;11698,34;585,26
08/01/2022;6620;11989,65;582,85
09/01/2022;6596;10432,48;511,78
10/01/2022;6609;12094,93;612,37
11/01/2022;6634;12450,65;593,35
12/01/2022;6659;11969,08;568,8
13/01/2022;6657;11481,33;552,39
14/01/2022;6677;11857,61;569,17
15/01/2022;6683;11496,96;548,42
16/01/2022;6674;10443,99;490,32
17/01/2022;6673;11295,23;548,13
18/01/2022;6673;11544,95;556,63
19/01/2022;6689;11473,54;562,97
20/01/2022;6719;12122,39;564,92
21/01/2022;6712;11727,01;556,47
22/01/2022;6699;11496,09;566,57
23/01/2022;6675;10607,42;489,88
24/01/2022;6620;11626,34;576,89
25/01/2022;6622;11581,58;557,34
26/01/2022;6622;11326,54;557,98
27/01/2022;6593;11636,27;565,2
28/01/2022;6653;11879,82;576,7
29/01/2022;6628;11914,76;581,21
30/01/2022;6593;10810,33;506,59
31/01/2022;6559;11614,41;582,11
01/02/2022;6558;11799,5;590,94
02/02/2022;6557;11935,45;585,28
03/02/2022;6547;11696,7;579,08
04/02/2022;6544;11937,58;589,74
05/02/2022;6526;12213,1;604,14
06/02/2022;6500;10861,87;513,6
07/02/2022;6488;12111,43;618
08/02/2022;6497;12284,17;602,99
09/02/2022;6493;12386,14;599,6
10/02/2022;6475;12135,32;592,95
11/02/2022;6450;12001,28;593,54
12/02/2022;6447;12218,41;597,36
13/02/2022;6421;10595,23;496,01
14/02/2022;6409;11970,12;625,74
15/02/2022;6404;12027,95;584,19
16/02/2022;6393;11666,88;580,25
17/02/2022;6377;11716,59;581,3
18/02/2022;6369;11902,79;550,17
19/02/2022;6346;11768,69;556,72
20/02/2022;6335;10749,9;480,83
21/02/2022;6342;11715,29;575,08
22/02/2022;6352;12227,86;556,65
23/02/2022;6357;11878,18;560,48
24/02/2022;6371;11845,9;557,2
25/02/2022;6381;12193,45;595,73
26/02/2022;6387;12290,88;593,01
27/02/2022;6390;11364,16;513,87
28/02/2022;6409;12551,96;624,72
01/03/2022;6356;11454,44;576,91
02/03/2022;6417;11707,61;613,65
03/03/2022;6431;12129,78;618,35
04/03/2022;6443;11921,23;606,83
05/03/2022;6458;12147,05;673,38
06/03/2022;6461;11127,7;547,04
07/03/2022;6471;12482,34;651,06
08/03/2022;6489;12234,68;631,49
09/03/2022;6499;12112,16;607,98
10/03/2022;6499;11243,06;577,41
11/03/2022;6509;12047,25;578,3
12/03/2022;6510;11115,04;557,73
13/03/2022;6517;10481,53;526,49
14/03/2022;6528;12060,29;601,37
15/03/2022;6546;12039,82;605,06
16/03/2022;6584;12079,63;601,51
17/03/2022;6629;11354,67;567,94
18/03/2022;6666;11801,38;589,85
19/03/2022;6671;11684,31;585,07
20/03/2022;6693;11194,34;519,53
21/03/2022;6714;12234,22;600,83
22/03/2022;6764;12137,25;561,89
23/03/2022;6794;12229,54;597,7
24/03/2022;6820;11992,43;579,16
25/03/2022;6849;11698,35;562,9
26/03/2022;6870;12371,41;593,2
27/03/2022;6810;11082,35;523,48
28/03/2022;6855;11901,58;601,29
29/03/2022;6797;11760;578,65
30/03/2022;6728;12222,25;565,09
31/03/2022;6671;12668,95;609,46
01/04/2022;6758;12711,28;624,79
02/04/2022;6792;13080,51;615,42
03/04/2022;6811;11706,48;547,2
04/04/2022;6818;12561,75;644,46
05/04/2022;6849;12567,8;617,62
06/04/2022;6868;12946,45;626,7
07/04/2022;6889;12787,22;614,06
08/04/2022;6917;13106,49;652,67
09/04/2022;6949;13173,92;630,03
10/04/2022;6962;12152,19;560,96
11/04/2022;6971;12837,8;666,44
12/04/2022;7010;12989,2;612,27
13/04/2022;7038;12917,68;624,63
14/04/2022;7038;12770,39;622,01
15/04/2022;7078;12229,3;591,81
16/04/2022;7091;12704;626,85
17/04/2022;7082;11583,97;541,38
18/04/2022;7102;12669,06;640,06
19/04/2022;7117;12533,43;600,46
20/04/2022;7127;12064,28;579,81
21/04/2022;7140;12501,97;601,88
22/04/2022;7147;12658,5;598,91
23/04/2022;7151;11997,44;591,95
24/04/2022;7143;11509,88;545,27
25/04/2022;7140;12522,45;641,54
26/04/2022;7188;12346,95;601,66
27/04/2022;7156;12383,06;618,75
28/04/2022;7236;12470,88;616,43
29/04/2022;7250;12233,26;617,24
30/04/2022;7262;12750,37;649,35
01/05/2022;7256;11546,92;547,53
02/05/2022;7268;12870,26;663,9
03/05/2022;7278;12964,81;643,78
04/05/2022;7285;13033,37;636,29
05/05/2022;7296;13190,09;659,14
06/05/2022;7305;13170,03;655,52
07/05/2022;7317;12780,53;632,29
08/05/2022;7320;11771,91;566,12
09/05/2022;7456;12992,97;674,93
10/05/2022;7456;12974,24;641,6
11/05/2022;7478;12957;640,18
12/05/2022;7485;12970,27;638,57
13/05/2022;7500;13009,43;639,85
14/05/2022;7509;12971,93;650,95
15/05/2022;7499;11973,88;570,63
16/05/2022;7500;13009,21;666,14
17/05/2022;7505;12901,01;627,2
18/05/2022;7519;12966,33;639,73
19/05/2022;7526;13061,67;640,61
20/05/2022;7622;13109,72;643,76
21/05/2022;7622;13198,34;652,49
22/05/2022;7547;11912,41;569,38
23/05/2022;7556;12803,46;650,76
24/05/2022;7567;12653,52;630,5
25/05/2022;7576;12726,4;628,85
26/05/2022;7582;12664,86;632,57
27/05/2022;7510;12829,42;637,86
28/05/2022;7569;12713,99;633,15
29/05/2022;7559;11541,22;571,66
30/05/2022;7554;12997,12;660,4
31/05/2022;7568;12777,27;647,36
01/06/2022;7568;12846,37;653,5
02/06/2022;7569;10784,11;654,89
03/06/2022;7578;10981,48;662,82
04/06/2022;7582;10980;664,99
05/06/2022;7573;9918,75;593,53
06/06/2022;7576;11273,25;692,08
07/06/2022;7580;11063,48;669,9
08/06/2022;7605;11024,2;658,73
09/06/2022;7622;10939,33;659,73
10/06/2022;7642;11160,32;667,88
11/06/2022;7647;10981,23;657,25
12/06/2022;7637;10016,92;587,97
13/06/2022;7635;11325,05;686,3
14/06/2022;7636;11205,56;666,08
15/06/2022;7642;11082,09;660,73
16/06/2022;7645;11134,75;651,57
17/06/2022;7645;11039,51;652,2
18/06/2022;7639;10999,18;643,46
19/06/2022;7703;10072,07;575,14
20/06/2022;7716;10148,49;668,39
21/06/2022;7733;10944,35;648,47
22/06/2022;7749;10960,33;642,14
23/06/2022;7755;10970,56;643,56
24/06/2022;7771;11195,29;659,69
25/06/2022;7784;11118,78;657,78
26/06/2022;7790;9999,06;578,57
27/06/2022;7797;10342,84;632,96
28/06/2022;7814;10647,29;632,44
29/06/2022;7832;11458,54;673,14
30/06/2022;7841;11139,7;644,86
01/07/2022;7846;11442,57;679,03
02/07/2022;7849;11479,43;673,41
03/07/2022;7843;10438,08;597,25
04/07/2022;7840;11729,21;703,16
05/07/2022;7859;11748,47;683,85
06/07/2022;7866;11727,23;680,25
07/07/2022;7883;11867,38;679,4
08/07/2022;7877;11724,84;679,46
09/07/2022;7881;11728,34;684,86
10/07/2022;7866;10632,09;600,09
11/07/2022;7875;12193,97;714,03
12/07/2022;7902;11919,62;685,14
13/07/2022;7917;11938,48;683,05
14/07/2022;7933;11750,34;676,74
15/07/2022;7951;12034,45;684,84
16/07/2022;7966;11805,23;687,87
17/07/2022;7973;11008,9;620,43
18/07/2022;7994;11922,32;698,98
19/07/2022;8034;11850,24;680,18
20/07/2022;8042;11707,22;670,01
21/07/2022;8062;11400,58;652,34
22/07/2022;8068;11533,94;663,03
23/07/2022;8079;11264,42;650,91
24/07/2022;8074;10411,92;586,21
25/07/2022;8080;11689,36;678,76
26/07/2022;8093;11491,99;657,7
27/07/2022;8106;11817,1;669,07
28/07/2022;8118;11721,07;667,51
29/07/2022;8130;11808,68;676,38
30/07/2022;8124;11864,25;682,9
31/07/2022;8112;10663,86;600,83
01/08/2022;8114;11542,92;677,67
02/08/2022;8115;12088,58;693,64
03/08/2022;8133;12264,94;692,95
04/08/2022;8145;12120,5;688,02
05/08/2022;8153;12284,55;690,28
06/08/2022;8143;12394,67;699,12
07/08/2022;8137;11217,8;615,48
08/08/2022;8137;12598,44;714,4
09/08/2022;8154;12440,89;697,9
10/08/2022;8153;12302,23;691,94
11/08/2022;8148;12088,31;681,29
12/08/2022;8143;12050,99;674,31
13/08/2022;8142;11507,85;672,92
14/08/2022;8108;10886,29;598,79
15/08/2022;8103;12216,22;700,76
16/08/2022;8105;12126,08;680,83
17/08/2022;8101;11597,86;665,21
18/08/2022;8082;11645,51;684,46
19/08/2022;8070;12023,04;688,86
20/08/2022;8050;12121,56;685,34
21/08/2022;8026;10846,13;593,52
22/08/2022;8026;11728,39;682,44
23/08/2022;8003;11809,6;676,96
24/08/2022;8012;11676,3;660,97
25/08/2022;8018;12037,24;679,21
26/08/2022;8008;12017,83;674,9
27/08/2022;8002;11868,37;672,98
28/08/2022;8029;10651,75;588,51
29/08/2022;8021;11494,3;689,11
30/08/2022;8026;11908,82;678,99
31/08/2022;8040;11915,83;677,02
01/09/2022;8031;11908,86;683,26
02/09/2022;8021;11891,96;694,03
03/09/2022;8012;11542,36;680,45
04/09/2022;7999;10615,32;622,21
05/09/2022;7996;12499,06;716,68
06/09/2022;8006;12121,9;681,16
07/09/2022;8007;11978,33;687,71
08/09/2022;8008;12146,75;679,33
09/09/2022;7998;12010,86;665,49
10/09/2022;7991;11435,25;655,32
11/09/2022;7974;10114,58;564,64
12/09/2022;7977;11276,52;652,63
13/09/2022;7994;11330,98;661,17
14/09/2022;7992;11105,52;640,24
15/09/2022;7994;11409,31;649,29
16/09/2022;8004;11286,65;646,53
17/09/2022;8010;11456,01;655,91
18/09/2022;8008;10027,5;557,53
19/09/2022;8009;11511,3;664,78
20/09/2022;8025;11367,52;640,43
21/09/2022;8032;11154,45;615,62
22/09/2022;8034;11017,16;632,13
23/09/2022;8037;11289,7;636,45
24/09/2022;8024;11300,54;635,44
25/09/2022;8010;10197,62;563,19
26/09/2022;8012;9616,72;642,52
27/09/2022;8023;11441,68;627,6
28/09/2022;8027;11201,64;626,14
29/09/2022;8027;11159,11;631,64
30/09/2022;8023;10448,99;634,44
01/10/2022;8011;11330,15;648,5
02/10/2022;7996;10308,55;580,55
03/10/2022;7997;11389,51;681,27
04/10/2022;8002;11438,97;656,21
05/10/2022;8012;11217,96;641,21
06/10/2022;8014;11172,4;641,71
07/10/2022;8016;11376,51;656,31
08/10/2022;8005;11058,55;624
09/10/2022;7999;9294,35;573,91
10/10/2022;7999;9605,58;670,37
11/10/2022;8012;9313,46;644,44
12/10/2022;8021;9011,93;619,72
13/10/2022;8026;9138,47;636,34
14/10/2022;8033;10593,11;635,35
15/10/2022;8022;10927,71;638,34
16/10/2022;8007;9775,73;552
17/10/2022;7998;10958,81;649,47
18/10/2022;7997;10592,99;602,2
19/10/2022;8003;10855,89;625,7
20/10/2022;8004;10381,78;604,96
21/10/2022;8004;10810,79;627,08
22/10/2022;8005;10479,16;616,38
23/10/2022;8011;9785,71;555,42
24/10/2022;7993;10071,64;589,97
25/10/2022;8001;10688,08;630,1
26/10/2022;7997;10413,89;596,23
27/10/2022;8005;10803,23;623,75
28/10/2022;8002;10525,54;601,95
29/10/2022;7996;10680,66;618,69
30/10/2022;7972;9236,01;521,72
31/10/2022;7969;10542,49;644,18
01/11/2022;7969;10373,25;608,14
02/11/2022;7958;10580,44;637,25
03/11/2022;7951;10924,94;635,74
04/11/2022;7948;10831,32;633,82
05/11/2022;7945;10767,88;625,53
06/11/2022;7925;9761,64;560,62
07/11/2022;7927;10789,65;646,01
08/11/2022;7941;10692,03;623,89
09/11/2022;7940;10473,76;605,64
10/11/2022;7948;9978,28;579,98
11/11/2022;7950;10567,8;620,59
12/11/2022;7954;10669,59;623,47
13/11/2022;7938;9626,91;543,41
14/11/2022;7943;10623,92;630,87
15/11/2022;7958;10129,44;564,4
16/11/2022;7966;10420,99;615,62
17/11/2022;7972;10301,75;587,89
18/11/2022;7967;10432,51;609,53
19/11/2022;7976;10903,25;624,63
20/11/2022;7964;9411,03;520,44
21/11/2022;7956;10515,01;614,39
22/11/2022;7962;9960,73;581,55
23/11/2022;7965;10265,68;592,5
24/11/2022;7974;10261,47;587,64
25/11/2022;7981;10271,12;589,01
26/11/2022;7981;10002,22;570,25
27/11/2022;7970;9035,13;521,67
28/11/2022;7967;9935,35;597,86
29/11/2022;7984;9719,86;573,38
30/11/2022;8020;10295,41;597,24
01/12/2022;8027;10229,02;615,92
02/12/2022;8049;10467,95;616,1
03/12/2022;8034;10288,72;613,44
04/12/2022;8009;9235,84;543,04
05/12/2022;7993;10368,32;638,53
06/12/2022;8012;10483,25;617,11
07/12/2022;8006;10523,58;608,97
08/12/2022;8000;10506,56;609,07
09/12/2022;7993;10189,59;599,82
10/12/2022;7997;10383,33;612
11/12/2022;7978;8862,61;507,7
12/12/2022;7978;10137,95;624,31
13/12/2022;7982;9664,81;574,02
14/12/2022;7999;10297,38;595,58
15/12/2022;8016;10600,55;616,49
16/12/2022;8030;10520,78;598,93
17/12/2022;8024;10546,08;615,11
18/12/2022;8002;9207,28;523,3
19/12/2022;7988;10316,23;623,04
20/12/2022;8007;10728,57;631,82
21/12/2022;8016;10641,29;619,41
22/12/2022;8027;10580,86;634,56
23/12/2022;8039;11273,04;670,76
24/12/2022;8045;11514,63;674,32
25/12/2022;8046;10580,69;604,61
26/12/2022;8059;10830,16;646,41
27/12/2022;8068;10866,61;648,05
28/12/2022;8079;11155,46;643,12
29/12/2022;8080;11161,89;660,87
30/12/2022;8084;11434,79;684,96
31/12/2022;8058;13298,38;808,79
01/01/2023;8067;11820,49;644,98
02/01/2023;8050;10233,02;621,79
03/01/2023;8062;10214,99;607,3
04/01/2023;8056;10060,2;587,34
05/01/2023;8049;10119,4;603,34
06/01/2023;8035;10226,53;608,71
07/01/2023;8023;10092,71;583,46
08/01/2023;7998;9149,24;527,77
09/01/2023;7989;10267,35;600,43
10/01/2023;8003;10215,65;597,73
11/01/2023;7994;9953,69;587,95
12/01/2023;7983;9760,36;580,67
13/01/2023;7978;10170,18;584,22
14/01/2023;7951;10202,28;583,23
15/01/2023;7917;8987,61;501,65
16/01/2023;7877;8313,94;514,15
17/01/2023;7900;9746,9;549,86
18/01/2023;7912;10020,7;570,54
19/01/2023;7926;9778,33;545,93
20/01/2023;7923;9985,33;564,81
21/01/2023;7914;9834,74;558,3
22/01/2023;7891;8718,23;487,65
23/01/2023;7879;9944,12;576,75
24/01/2023;7880;9597,23;541,33
25/01/2023;7881;10068,61;579,79
26/01/2023;7859;9902,23;560,69
27/01/2023;7850;9959,87;551,47
28/01/2023;7871;10550,65;580,67
29/01/2023;7857;9593,72;514,87
30/01/2023;7843;10379,9;578,62
31/01/2023;7824;10242,89;565,41
01/02/2023;7696;10224,41;564,95
02/02/2023;7716;10125,12;565,32
03/02/2023;7810;10542,08;577,35
04/02/2023;7823;10502,91;572,75
05/02/2023;7812;9366,95;513,5
06/02/2023;7810;10483,7;585,88
07/02/2023;7838;10685,74;593,9
08/02/2023;7845;10313,44;578,09
09/02/2023;7845;10472,6;595,12
10/02/2023;7844;10567,44;586,74
11/02/2023;7855;9290,21;576,76
12/02/2023;7840;7868,72;507,35
13/02/2023;7760;9196,78;614,54
14/02/2023;7797;8748,35;578,42
15/02/2023;7817;8956,28;561,13
16/02/2023;7809;9479,43;566,04
17/02/2023;7794;8906,87;568,07
18/02/2023;7779;8866,54;563,06
19/02/2023;7762;7770,12;488,51
20/02/2023;7807;9608,19;588,43
21/02/2023;7826;9173,93;552,4
22/02/2023;7839;8831,73;512,63
23/02/2023;7824;9548,38;559,02
24/02/2023;7816;9363,06;566,89
25/02/2023;7822;9435,23;570,98
26/02/2023;7769;8060,51;478,26
27/02/2023;7800;8644,85;599,89
28/02/2023;7823;8718,45;583,23
01/03/2023;7728;8978,54;651,06
02/03/2023;7812;8721,5;595,18
03/03/2023;7826;9065;604,4
04/03/2023;7831;8968,3;603,59
05/03/2023;7825;8121,64;537,2
06/03/2023;7793;8407,22;588,55
07/03/2023;7799;9005,09;639
08/03/2023;7798;9115,04;603,53
09/03/2023;7786;8888,74;590,28
10/03/2023;7781;8634,7;583,46
11/03/2023;7803;9258,6;562,53
12/03/2023;7812;8452,66;542,82
13/03/2023;7817;8998,84;582,5
14/03/2023;7812;8503,87;578,13
15/03/2023;7793;8103,24;570,79
16/03/2023;7786;8156,72;564,75
17/03/2023;7764;7987,62;546,36
18/03/2023;7736;8285,6;588,32
19/03/2023;7707;7197,91;512,93
20/03/2023;7699;8391,62;592,43
21/03/2023;7724;8326,36;564,86
22/03/2023;7724;8499,83;562,32
23/03/2023;7723;8499,58;548,99
24/03/2023;7701;8263,12;548,24
25/03/2023;7700;8544,13;572,85
26/03/2023;7694;7344,65;469,04
27/03/2023;7703;8612,32;584,35
28/03/2023;7711;8386,6;557,25
29/03/2023;7709;8541,63;564,44
30/03/2023;7694;8018,46;533,6
31/03/2023;7677;8318,28;570,03
01/04/2023;7683;8691,54;579,57
02/04/2023;7679;7906,89;506,46
03/04/2023;7636;8795,4;583,05
04/04/2023;7652;8648,6;558,79
05/04/2023;7715;9027,33;584,54
06/04/2023;7718;8661,55;552,71
07/04/2023;7722;8839,75;576,18
08/04/2023;7728;8773,42;557,16
09/04/2023;7730;8120,24;495,39
10/04/2023;7706;9061,48;581,04
11/04/2023;7706;8516,24;554,64
12/04/2023;7706;8193,62;541,01
13/04/2023;7579;8418,65;556,91
14/04/2023;7571;8509,09;556,49
15/04/2023;7559;8536,69;563,81
16/04/2023;7535;7680,47;480,12
17/04/2023;7530;8264,96;561,39
18/04/2023;7567;7872,04;514,9
19/04/2023;7574;8314,16;546,46
20/04/2023;7590;8456,82;533,71
21/04/2023;7597;8702,2;553,22
22/04/2023;7590;8387,58;529,99
23/04/2023;7579;7221,06;459,56
24/04/2023;7577;8483,31;553,51
25/04/2023;7581;8221,75;538,16
26/04/2023;7564;8215,52;526,94
27/04/2023;7558;8184,25;525,63
28/04/2023;7559;8394,5;532,18
29/04/2023;7567;8537,61;547,34
30/04/2023;7570;8064,08;467,17
01/05/2023;7569;9074,64;512,15
02/05/2023;7564;9216,47;532,98
03/05/2023;7560;9439,55;524,92
04/05/2023;7561;9512,45;531,33
05/05/2023;7562;10051,89;549,13
06/05/2023;7563;10331,56;558,39
07/05/2023;7558;8342,95;498,54
08/05/2023;7556;10277,57;570,95
09/05/2023;7564;9988,79;545,6
10/05/2023;7557;10250,17;550,14
11/05/2023;7566;9999,3;545,37
12/05/2023;7571;10170,91;541,59
13/05/2023;7600;10205,64;547,57
14/05/2023;7600;9177,23;476,31
15/05/2023;7615;10200,69;565,83
16/05/2023;7639;10319,26;554,95
17/05/2023;7643;9957,93;515,47
18/05/2023;7645;9572,94;500,6
19/05/2023;7648;9140,4;495,92
20/05/2023;7654;9858,7;533,36
21/05/2023;7636;8999,64;464,45
22/05/2023;7634;9936,56;537,79
23/05/2023;7642;9988,05;526,12
24/05/2023;7649;9920,39;525,17
25/05/2023;7648;9862,32;530,88
26/05/2023;7651;9913,73;533,78
27/05/2023;7652;9923,2;538,93
28/05/2023;7642;9037,95;467,55
29/05/2023;7643;10100,13;558,94
30/05/2023;7642;9966,33;541,21
31/05/2023;7638;10027,91;545,04
01/06/2023;7633;9671,91;548,38
02/06/2023;7578;9832,93;553,04
03/06/2023;7569;9871,4;553,05
04/06/2023;7605;8993,23;481,22
05/06/2023;7638;10063,03;567,91
06/06/2023;7588;9982,08;549,51
07/06/2023;7558;9763,1;546,79
08/06/2023;7535;10038,06;554,37
09/06/2023;7509;10029,51;546,29
10/06/2023;7492;10150,45;558,28
11/06/2023;7470;9324,43;490,43
12/06/2023;7455;10357,71;575,67
13/06/2023;7424;10202,06;556,09
14/06/2023;7409;10173,68;549,98
15/06/2023;7411;10226,33;546,9
16/06/2023;7389;10180,31;547,9
17/06/2023;7382;10267,95;550,56
18/06/2023;7377;9179,48;471,79
19/06/2023;7371;10298,4;569,86
20/06/2023;7376;10420,31;549,28
21/06/2023;7381;10344,68;543,95
22/06/2023;7384;10392,58;549,04
23/06/2023;7378;10438,53;553,75
24/06/2023;7372;10429,64;554,88
25/06/2023;7358;10040,19;504,16
26/06/2023;7359;10819,07;570,6
27/06/2023;7378;10478,75;555,28
28/06/2023;7389;10759,31;547,02
29/06/2023;7388;10822,3;554,07
30/06/2023;7390;10663,24;530,77
01/07/2023;7399;10979,09;561,96
02/07/2023;7247;9863,52;480,33
03/07/2023;7252;11037,62;570,18
04/07/2023;7091;11049,95;557,71
05/07/2023;7377;10872,01;556,59
06/07/2023;7350;11030,25;565,47
07/07/2023;7374;11094,93;555,91
08/07/2023;7399;11147,01;557,72
09/07/2023;7411;10295,04;492,72
10/07/2023;7420;11294,76;578,94
11/07/2023;7438;11148,63;557,03
12/07/2023;7453;11159,28;553,86
13/07/2023;7483;11076,9;550,83
14/07/2023;7496;11078,52;553,03
15/07/2023;7496;11262,34;560,15
16/07/2023;7501;10350,53;490,19
17/07/2023;7516;10776,02;497,81
18/07/2023;7516;10334,75;506,83
19/07/2023;7497;10557,53;540,23
20/07/2023;7467;10467,28;535,04
21/07/2023;7464;10712,75;533,14
22/07/2023;7451;10662,78;536,61
23/07/2023;7438;9903,35;476,84
24/07/2023;7462;10889,26;545,12
25/07/2023;7486;10850,58;534,57
26/07/2023;7490;10741,28;531,02
27/07/2023;7495;10859,58;533,65
28/07/2023;7494;10845,96;536,15
29/07/2023;7412;10677,86;541,61
30/07/2023;7425;10009,25;478,14
31/07/2023;7420;10988;566,32
01/08/2023;7410;10604,87;524,26
02/08/2023;7400;10734,2;542,09
03/08/2023;7381;10702,81;540,14
04/08/2023;7369;10775,38;576,67
05/08/2023;7361;10728,66;568,36
06/08/2023;7347;9876,58;493,74
07/08/2023;7334;10892,2;584,05
08/08/2023;7310;10692,88;568,16
09/08/2023;7293;10930,31;564,16
10/08/2023;7274;11186,93;568,7
11/08/2023;7254;11194,42;569,35
12/08/2023;7233;11016,43;561,23
13/08/2023;7200;10171,76;497,72
14/08/2023;7195;11193,55;583,79
15/08/2023;6889;11278,29;561,17
16/08/2023;7070;11195,02;563,54
17/08/2023;6905;11147,83;558,63
18/08/2023;6908;10951,96;541,79
19/08/2023;6927;8968,5;369,51
20/08/2023;6927;8366,95;448,22
21/08/2023;6931;10555,42;541,88
22/08/2023;6934;10386,09;492,52
23/08/2023;7129;9490,02;479,23
24/08/2023;7118;9691,84;487,31
25/08/2023;7111;9949,57;499,13
26/08/2023;7094;9764,19;494,32
27/08/2023;7063;9063,58;441,23
28/08/2023;7025;9836,56;507,81
29/08/2023;7019;10157,71;515,08
30/08/2023;7001;10503,91;520,89
31/08/2023;6935;10756,51;543,3
01/09/2023;7013;10248,62;512,19
02/09/2023;7040;9552,56;569,39
03/09/2023;7042;10029,28;489,68
04/09/2023;7049;11118,47;576,51
05/09/2023;7068;11105,08;564,27
06/09/2023;7072;11035,37;554,12
07/09/2023;7081;10795,88;547,89
08/09/2023;7012;10765,34;548,54
09/09/2023;6944;10923,57;549,59
10/09/2023;6978;10008,22;499,35
11/09/2023;6984;10707,27;557,74
12/09/2023;7002;10564,1;539,9
13/09/2023;7000;10105,33;529,42
14/09/2023;6994;10283,06;538,94
15/09/2023;6959;10410,72;530,43
16/09/2023;6955;10481,33;542,29
17/09/2023;6942;9324,51;465,43
18/09/2023;6929;10064,76;541,94
19/09/2023;6723;10333,82;532,49
20/09/2023;6879;10209,71;522,32
21/09/2023;6877;10150,32;516,79
22/09/2023;6873;10091,64;523,42
23/09/2023;6867;10246,98;521,57
24/09/2023;6800;9270,18;456,96
25/09/2023;6805;10175,71;537,83
26/09/2023;6805;10273,45;516,8
27/09/2023;6804;10012,67;508,76
28/09/2023;6817;10216,69;510,89
29/09/2023;6824;10251,18;510,11
30/09/2023;6883;10364,15;515,02